0;0
0;0
0;0
0;0
0;0
0;0
0;0
0;0
0;662406
0;1526746,75
0;1510841,25
0;1241418
0;3562045
0;3607366
0;106820,1094
0;64713,7305
0;0
0;0
0;0
0;0
0;0
0;0
0;0
0;0
0,0328;0
0,0328;0
0,0328;0
0,0328;0
0,0328;0
0,0328;0
0,0328;0
0,0328;0
0,0328;462775,9375
0,0328;2150776,25
0,0328;1540226,25
0,0328;728499,5
0,0328;648107,6875
0,0328;755155,25
0,0328;751789,1875
0,0328;2070399,75
0,0328;1306480,5
0,0328;0
0,0328;0
0,0328;0
0,0328;0
0,0328;0
0,0328;0
0,0328;0
0,0656;0
0,0656;0
0,0656;0
0,0656;0
0,0656;0
0,0656;0
0,0656;0
0,0656;0
0,0656;146439,8438
0,0656;321582,375
0,0656;726937,8125
0,0656;2161754
0,0656;1484943,625
0,0656;1533994,375
0,0656;413831,2813
0,0656;90277,7813
0,0656;0
0,0656;0
0,0656;0
0,0656;0
0,0656;0
0,0656;0
0,0656;0
0,0656;0
0,0984;0
0,0984;0
0,0984;0
0,0984;0
0,0984;0
0,0984;0
0,0984;0
0,0984;0
0,0984;40438,5
0,0984;160844,25
0,0984;253047,6719
0,0984;326282,75
0,0984;407766,25
0,0984;434983
0,0984;325873,375
0,0984;194323,1406
0,0984;60286,2695
0,0984;0
0,0984;0
0,0984;0
0,0984;0
0,0984;0
0,0984;0
0,0984;0
0,1311;0
0,1311;0
0,1311;0
0,1311;0
0,1311;0
0,1311;0
0,1311;0
0,1311;0
0,1311;96585,3984
0,1311;1674050,875
0,1311;1044820,5
0,1311;599875,6875
0,1311;1001410,125
0,1311;761857,125
0,1311;2544274,75
0,1311;2193246,75
0,1311;892148,875
0,1311;0
0,1311;0
0,1311;0
0,1311;0
0,1311;0
0,1311;0
0,1311;0
0,1639;0
0,1639;0
0,1639;0
0,1639;0
0,1639;0
0,1639;0
0,1639;0
0,1639;0
0,1639;968204,125
0,1639;2204285
0,1639;3139632
0,1639;3607366
0,1639;3607366
0,1639;3607366
0,1639;3280673,75
0,1639;2341020,75
0,1639;1155173,5
0,1639;0
0,1639;0
0,1639;0
0,1639;0
0,1639;0
0,1639;0
0,1639;0
0,1967;0
0,1967;0
0,1967;0
0,1967;0
0,1967;0
0,1967;0
0,1967;0
0,1967;0
0,1967;969492,9375
0,1967;2282690,5
0,1967;3200236,5
0,1967;3607366
0,1967;3607366
0,1967;3607366
0,1967;3298535,5
0,1967;2501304
0,1967;1294759,75
0,1967;0
0,1967;0
0,1967;0
0,1967;0
0,1967;0
0,1967;0
0,1967;0
0,2295;0
0,2295;0
0,2295;0
0,2295;0
0,2295;0
0,2295;0
0,2295;0
0,2295;0
0,2295;312636,4375
0,2295;1636841,875
0,2295;3184528,25
0,2295;2660177,25
0,2295;1158008,875
0,2295;1190760
0,2295;1894817,375
0,2295;1968204,25
0,2295;1274396,625
0,2295;0
0,2295;0
0,2295;0
0,2295;0
0,2295;0
0,2295;0
0,2295;0
0,2623;0
0,2623;0
0,2623;0
0,2623;0
0,2623;0
0,2623;0
0,2623;0
0,2623;0
0,2623;0
0,2623;385780,5625
0,2623;1203132,625
0,2623;2059710,125
0,2623;2346979,75
0,2623;420093,4063
0,2623;1850451,75
0,2623;1234883
0,2623;1112309
0,2623;0
0,2623;0
0,2623;0
0,2623;0
0,2623;0
0,2623;0
0,2623;0
0,2951;0
0,2951;0
0,2951;0
0,2951;0
0,2951;0
0,2951;0
0,2951;0
0,2951;0
0,2951;0
0,2951;198007,6406
0,2951;122285,8984
0,2951;150139,5
0,2951;165195,9063
0,2951;1526989,375
0,2951;1409009,625
0,2951;1091991,125
0,2951;856062
0,2951;0
0,2951;0
0,2951;0
0,2951;0
0,2951;0
0,2951;0
0,2951;0
0,3279;0
0,3279;0
0,3279;0
0,3279;0
0,3279;0
0,3279;0
0,3279;0
0,3279;0
0,3279;172852,9844
0,3279;382490,3125
0,3279;1843522,5
0,3279;2675430,5
0,3279;1318731,875
0,3279;914938,125
0,3279;419593,0313
0,3279;219356,5
0,3279;25715,6719
0,3279;0
0,3279;0
0,3279;0
0,3279;0
0,3279;0
0,3279;0
0,3279;0
0,3607;0
0,3607;0
0,3607;0
0,3607;0
0,3607;0
0,3607;0
0,3607;0
0,3607;0
0,3607;971115,375
0,3607;2046033,5
0,3607;542273,125
0,3607;1886189,875
0,3607;1757975,5
0,3607;3607366
0,3607;1698220
0,3607;69899,3203
0,3607;0
0,3607;30552,5234
0,3607;0
0,3607;0
0,3607;0
0,3607;0
0,3607;0
0,3607;0
0,3934;0
0,3934;0
0,3934;0
0,3934;0
0,3934;0
0,3934;0
0,3934;0
0,3934;0
0,3934;54797,4258
0,3934;655537,375
0,3934;484989,0938
0,3934;1034449,313
0,3934;1952450,25
0,3934;3276019
0,3934;2192534
0,3934;2506065
0,3934;1456013,5
0,3934;33979,2578
0,3934;0
0,3934;0
0,3934;0
0,3934;0
0,3934;0
0,3934;0
0,4262;0
0,4262;0
0,4262;0
0,4262;0
0,4262;0
0,4262;0
0,4262;0
0,4262;0
0,4262;305419,0938
0,4262;501955,9688
0,4262;791560,5625
0,4262;787375,6875
0,4262;1060422,75
0,4262;554570
0,4262;654157,5625
0,4262;376531,4063
0,4262;374772,5625
0,4262;0
0,4262;0
0,4262;0
0,4262;0
0,4262;0
0,4262;0
0,4262;0
0,459;0
0,459;0
0,459;0
0,459;0
0,459;0
0,459;0
0,459;0
0,459;0
0,459;50915,8164
0,459;64137,5547
0,459;598586,8125
0,459;877410,8125
0,459;1681920,125
0,459;2024260,125
0,459;1006368,25
0,459;858108,9375
0,459;384628,2188
0,459;0
0,459;0
0,459;0
0,459;0
0,459;0
0,459;0
0,459;0
0,4918;0
0,4918;0
0,4918;0
0,4918;0
0,4918;0
0,4918;0
0,4918;0
0,4918;0
0,4918;256110,5
0,4918;57587,3359
0,4918;486975,375
0,4918;456665,4375
0,4918;1392664,375
0,4918;1038361,188
0,4918;1612354,5
0,4918;1440214
0,4918;1258718,375
0,4918;50354,8047
0,4918;0
0,4918;0
0,4918;0
0,4918;0
0,4918;0
0,4918;0
0,5246;0
0,5246;0
0,5246;0
0,5246;0
0,5246;0
0,5246;0
0,5246;0
0,5246;0
0,5246;0
0,5246;60195,2969
0,5246;132960,3281
0,5246;198780,9219
0,5246;207969,4219
0,5246;2237657,75
0,5246;1768756,125
0,5246;1212108,875
0,5246;583939,8125
0,5246;0
0,5246;0
0,5246;0
0,5246;0
0,5246;0
0,5246;0
0,5246;0
0,5574;0
0,5574;0
0,5574;0
0,5574;0
0,5574;0
0,5574;0
0,5574;0
0,5574;0
0,5574;351725,5
0,5574;1001410,125
0,5574;1716490,75
0,5574;961957,1875
0,5574;2398365,25
0,5574;3081999
0,5574;2888510
0,5574;809179,4375
0,5574;417348,9688
0,5574;34176,3711
0,5574;0
0,5574;0
0,5574;0
0,5574;0
0,5574;0
0,5574;0
0,5902;0
0,5902;0
0,5902;0
0,5902;0
0,5902;0
0,5902;0
0,5902;0
0,5902;0
0,5902;526655,75
0,5902;2332757,25
0,5902;3506717
0,5902;3607366
0,5902;2743404,5
0,5902;480455,5
0,5902;647152,5
0,5902;374514,8125
0,5902;428387,3125
0,5902;74235,8047
0,5902;0
0,5902;0
0,5902;0
0,5902;0
0,5902;0
0,5902;0
0,623;0
0,623;0
0,623;0
0,623;0
0,623;0
0,623;0
0,623;0
0,623;0
0,623;713064,0625
0,623;2179843
0,623;2894938,75
0,623;3607366
0,623;3607366
0,623;3064107,25
0,623;2795336
0,623;2284434,25
0,623;1063682,625
0,623;39832
0,623;0
0,623;0
0,623;0
0,623;0
0,623;0
0,623;0
0,6557;0
0,6557;0
0,6557;0
0,6557;0
0,6557;0
0,6557;0
0,6557;0
0,6557;0
0,6557;46655,1406
0,6557;504063,5625
0,6557;1735777,625
0,6557;1911374,875
0,6557;2646045,75
0,6557;3607366
0,6557;3386296
0,6557;2706240,75
0,6557;1552674,75
0,6557;91794,0391
0,6557;0
0,6557;0
0,6557;0
0,6557;0
0,6557;0
0,6557;0
0,6885;0
0,6885;0
0,6885;0
0,6885;0
0,6885;0
0,6885;0
0,6885;0
0,6885;0
0,6885;98283,6016
0,6885;931829,25
0,6885;1275548,875
0,6885;2063136,75
0,6885;2606410,5
0,6885;3607366
0,6885;3446825
0,6885;2581195,5
0,6885;1376061,375
0,6885;103150,7813
0,6885;0
0,6885;0
0,6885;0
0,6885;0
0,6885;0
0,6885;0
0,7213;0
0,7213;0
0,7213;0
0,7213;0
0,7213;0
0,7213;0
0,7213;0
0,7213;0
0,7213;70778,75
0,7213;185998,9063
0,7213;399866,5625
0,7213;696112,3125
0,7213;901079,5625
0,7213;896530,8125
0,7213;888085,25
0,7213;1145075,125
0,7213;802492,75
0,7213;31234,8359
0,7213;0
0,7213;0
0,7213;0
0,7213;0
0,7213;0
0,7213;0
0,7541;0
0,7541;0
0,7541;0
0,7541;0
0,7541;0
0,7541;0
0,7541;0
0,7541;0
0,7541;375652
0,7541;329648,8438
0,7541;638797,9375
0,7541;1488992
0,7541;1102938,5
0,7541;846691,5625
0,7541;626288,8125
0,7541;1121072,875
0,7541;322916,6563
0,7541;0
0,7541;0
0,7541;0
0,7541;0
0,7541;0
0,7541;0
0,7541;0
0,7869;0
0,7869;0
0,7869;0
0,7869;0
0,7869;0
0,7869;0
0,7869;0
0,7869;0
0,7869;157099,0938
0,7869;792045,75
0,7869;585622,875
0,7869;3480516,25
0,7869;3441396,75
0,7869;3607366
0,7869;2126273,5
0,7869;2687788
0,7869;1543698,5
0,7869;198174,4219
0,7869;0
0,7869;0
0,7869;0
0,7869;0
0,7869;0
0,7869;0
0,8197;0
0,8197;0
0,8197;0
0,8197;0
0,8197;0
0,8197;0
0,8197;0
0,8197;0
0,8197;782281
0,8197;1437181,5
0,8197;3194641,75
0,8197;3607366
0,8197;3607366
0,8197;2727832,25
0,8197;123620,2109
0,8197;83985,3281
0,8197;36056,5273
0,8197;0
0,8197;0
0,8197;0
0,8197;0
0,8197;0
0,8197;0
0,8197;0
0,8525;0
0,8525;0
0,8525;0
0,8525;0
0,8525;0
0,8525;0
0,8525;0
0,8525;0
0,8525;927068,125
0,8525;2244753,75
0,8525;3213352
0,8525;3607366
0,8525;3607366
0,8525;3607366
0,8525;3486793,25
0,8525;2710152,75
0,8525;1574614,875
0,8525;88761,5234
0,8525;0
0,8525;0
0,8525;0
0,8525;0
0,8525;0
0,8525;0
0,8852;0
0,8852;0
0,8852;0
0,8852;0
0,8852;0
0,8852;0
0,8852;0
0,8852;0
0,8852;974633,0625
0,8852;2153626,75
0,8852;1454497,25
0,8852;1763995,125
0,8852;802189,4375
0,8852;1806950,5
0,8852;2957181
0,8852;1787785,125
0,8852;1493692,375
0,8852;174884,7656
0,8852;0
0,8852;0
0,8852;0
0,8852;0
0,8852;0
0,8852;0
0,918;0
0,918;0
0,918;0
0,918;0
0,918;0
0,918;0
0,918;0
0,918;0
0,918;812545,5
0,918;2172807,5
0,918;2563167
0,918;3204087,75
0,918;3010932
0,918;2466900,25
0,918;2973268,5
0,918;2879457,75
0,918;1691078,375
0,918;309376,5313
0,918;0
0,918;0
0,918;0
0,918;0
0,918;0
0,918;0
0,9508;0
0,9508;0
0,9508;0
0,9508;0
0,9508;0
0,9508;0
0,9508;0
0,9508;0
0,9508;997725,625
0,9508;2319535,25
0,9508;3250121,25
0,9508;3607366
0,9508;3607366
0,9508;3607366
0,9508;3492373,25
0,9508;2751349,5
0,9508;1615690,25
0,9508;155340,25
0,9508;0
0,9508;0
0,9508;0
0,9508;0
0,9508;0
0,9508;0
0,9836;0
0,9836;0
0,9836;0
0,9836;0
0,9836;0
0,9836;0
0,9836;0
0,9836;0
0,9836;211168,7188
0,9836;621558,0625
0,9836;885704,75
0,9836;898320
0,9836;812666,75
0,9836;2114750,25
0,9836;3607366
0,9836;3138434
0,9836;1912542,5
0,9836;318913,75
0,9836;0
0,9836;0
0,9836;0
0,9836;0
0,9836;0
0,9836;0
1;0
1;0
1;0
1;0
1;0
1;0
1;0
1;0
1;0
1;1886932,875
1;3043562
1;1847768
1;699296,4375
1;3607366
1;237521,2344
1;331953,5313
1;341233
1;46245,7539
1;0
1;0
1;0
1;0
1;0
1;0
1,0328;0
1,0328;0
1,0328;0
1,0328;0
1,0328;0
1,0328;0
1,0328;0
1,0328;0
1,0328;958363,625
1,0328;2194247,25
1,0328;3079375,75
1,0328;3607366
1,0328;3607366
1,0328;3607366
1,0328;3113567,5
1,0328;2515632,5
1,0328;1433770,125
1,0328;182329,5781
1,0328;0
1,0328;0
1,0328;0
1,0328;0
1,0328;0
1,0328;0
1,0656;0
1,0656;0
1,0656;0
1,0656;0
1,0656;0
1,0656;0
1,0656;0
1,0656;0
1,0656;79406,2344
1,0656;408221,125
1,0656;547640,75
1,0656;1257262,875
1,0656;480819,4063
1,0656;525382,0625
1,0656;1282190,125
1,0656;1835577,375
1,0656;1324948,5
1,0656;193383,0625
1,0656;0
1,0656;0
1,0656;0
1,0656;0
1,0656;0
1,0656;0
1,0984;0
1,0984;0
1,0984;0
1,0984;0
1,0984;0
1,0984;0
1,0984;0
1,0984;0
1,0984;916211,8125
1,0984;1914104,125
1,0984;1636129,25
1,0984;1768771,25
1,0984;2164983,5
1,0984;1584849,625
1,0984;1099572,375
1,0984;125121,2969
1,0984;70293,5469
1,0984;61954,1484
1,0984;0
1,0984;0
1,0984;0
1,0984;0
1,0984;0
1,0984;0
1,1311;0
1,1311;0
1,1311;0
1,1311;0
1,1311;0
1,1311;0
1,1311;0
1,1311;0
1,1311;27474,5254
1,1311;409585,7813
1,1311;1039210,313
1,1311;3607366
1,1311;3064926
1,1311;3425749
1,1311;3109155,25
1,1311;568079,8125
1,1311;228726,9531
1,1311;84516,0078
1,1311;0
1,1311;0
1,1311;0
1,1311;0
1,1311;0
1,1311;0
1,1639;0
1,1639;0
1,1639;0
1,1639;0
1,1639;0
1,1639;0
1,1639;0
1,1639;0
1,1639;1159661,625
1,1639;2485914
1,1639;3443140,5
1,1639;3607366
1,1639;3607366
1,1639;3607366
1,1639;3607366
1,1639;3000500,5
1,1639;1867919,125
1,1639;280264,4375
1,1639;0
1,1639;0
1,1639;0
1,1639;0
1,1639;0
1,1639;0
1,1967;0
1,1967;0
1,1967;0
1,1967;0
1,1967;0
1,1967;0
1,1967;0
1,1967;0
1,1967;160298,3906
1,1967;399184,25
1,1967;1367509,75
1,1967;1122680,125
1,1967;1168759,125
1,1967;1702207,75
1,1967;3381853,5
1,1967;1266117,75
1,1967;716778,8125
1,1967;460592,5625
1,1967;0
1,1967;0
1,1967;0
1,1967;0
1,1967;0
1,1967;0
1,2295;0
1,2295;0
1,2295;0
1,2295;0
1,2295;0
1,2295;0
1,2295;0
1,2295;0
1,2295;113309,6797
1,2295;381474,4063
1,2295;525033,375
1,2295;517254,9688
1,2295;489659,1563
1,2295;1783600,25
1,2295;1527777,75
1,2295;1005124,938
1,2295;430206,8125
1,2295;85895,8047
1,2295;0
1,2295;0
1,2295;0
1,2295;0
1,2295;0
1,2295;0
1,2623;0
1,2623;0
1,2623;0
1,2623;0
1,2623;0
1,2623;0
1,2623;0
1,2623;0
1,2623;944429,25
1,2623;1989295,25
1,2623;2903460
1,2623;3607366
1,2623;3607366
1,2623;3607366
1,2623;3389192,25
1,2623;2716763,75
1,2623;1519301,875
1,2623;369647,625
1,2623;0
1,2623;0
1,2623;0
1,2623;0
1,2623;0
1,2623;0
1,2951;0
1,2951;0
1,2951;0
1,2951;0
1,2951;0
1,2951;0
1,2951;0
1,2951;38664,4844
1,2951;1250227,5
1,2951;2656841,25
1,2951;3607366
1,2951;3607366
1,2951;1133945,875
1,2951;210274,125
1,2951;181677,5781
1,2951;131732,1719
1,2951;69277,6563
1,2951;378047,6563
1,2951;0
1,2951;0
1,2951;0
1,2951;0
1,2951;0
1,2951;0
1,3279;0
1,3279;0
1,3279;0
1,3279;0
1,3279;0
1,3279;0
1,3279;0
1,3279;0
1,3279;1112475,75
1,3279;2317988,75
1,3279;3607366
1,3279;2827647,25
1,3279;2508718,5
1,3279;2679661
1,3279;598283,625
1,3279;361611,4688
1,3279;451934,75
1,3279;129745,875
1,3279;0
1,3279;0
1,3279;0
1,3279;0
1,3279;0
1,3279;0
1,3607;0
1,3607;0
1,3607;0
1,3607;0
1,3607;0
1,3607;0
1,3607;0
1,3607;0
1,3607;600482,1875
1,3607;867600,6875
1,3607;681177,25
1,3607;3607366
1,3607;2204027,25
1,3607;3330482,75
1,3607;792803,875
1,3607;1371800,625
1,3607;384537,25
1,3607;0
1,3607;0
1,3607;0
1,3607;0
1,3607;0
1,3607;0
1,3607;0
1,3934;0
1,3934;0
1,3934;0
1,3934;0
1,3934;0
1,3934;0
1,3934;0
1,3934;0
1,3934;484791,9688
1,3934;1580573,75
1,3934;1950115,25
1,3934;993358,8125
1,3934;201828,5938
1,3934;1161572
1,3934;828769,375
1,3934;1850967,375
1,3934;971039,5625
1,3934;499939,3438
1,3934;0
1,3934;0
1,3934;0
1,3934;0
1,3934;0
1,3934;0
1,4262;0
1,4262;0
1,4262;0
1,4262;0
1,4262;0
1,4262;0
1,4262;0
1,4262;0
1,4262;57723,8008
1,4262;158039,1719
1,4262;256186,3125
1,4262;320308,6875
1,4262;359003,5313
1,4262;357396,2813
1,4262;287739,5625
1,4262;221160,8438
1,4262;126728,5313
1,4262;30840,6113
1,4262;0
1,4262;0
1,4262;0
1,4262;0
1,4262;0
1,4262;0
1,459;0
1,459;0
1,459;0
1,459;0
1,459;0
1,459;0
1,459;0
1,459;0
1,459;207726,8281
1,459;266269,4063
1,459;496649,0625
1,459;1772546,625
1,459;2831877,75
1,459;1682648
1,459;2493586,25
1,459;794577,9375
1,459;337184,625
1,459;0
1,459;0
1,459;0
1,459;0
1,459;0
1,459;0
1,459;0
1,4918;0
1,4918;0
1,4918;0
1,4918;0
1,4918;0
1,4918;0
1,4918;0
1,4918;0
1,4918;55782,9922
1,4918;117812,9609
1,4918;153520,75
1,4918;182557,0156
1,4918;244268,5625
1,4918;2473465,5
1,4918;2078147,75
1,4918;1611414,375
1,4918;981274,25
1,4918;359791,9688
1,4918;0
1,4918;0
1,4918;0
1,4918;0
1,4918;0
1,4918;0
1,5246;0
1,5246;0
1,5246;0
1,5246;0
1,5246;0
1,5246;0
1,5246;0
1,5246;35222,5859
1,5246;561165,6875
1,5246;1570930,25
1,5246;2049141,875
1,5246;2080619,25
1,5246;1893240,5
1,5246;1805510,125
1,5246;1967961,5
1,5246;659146,0625
1,5246;334758,5938
1,5246;0
1,5246;0
1,5246;0
1,5246;0
1,5246;0
1,5246;0
1,5246;0
1,5574;0
1,5574;0
1,5574;0
1,5574;0
1,5574;0
1,5574;0
1,5574;0
1,5574;56465,3086
1,5574;918652,9375
1,5574;2327981
1,5574;3466839,5
1,5574;3536284
1,5574;3255018,75
1,5574;3210061,75
1,5574;2519453,75
1,5574;2262312
1,5574;1057602,5
1,5574;385234,7188
1,5574;0
1,5574;0
1,5574;0
1,5574;0
1,5574;0
1,5574;0
1,5902;0
1,5902;0
1,5902;0
1,5902;0
1,5902;0
1,5902;0
1,5902;0
1,5902;68458,8828
1,5902;1210774,5
1,5902;2506853,5
1,5902;3437727,25
1,5902;3607366
1,5902;3607366
1,5902;3607366
1,5902;3607366
1,5902;2887327,25
1,5902;1821855,375
1,5902;634961,8125
1,5902;0
1,5902;0
1,5902;0
1,5902;0
1,5902;0
1,5902;0
1,623;0
1,623;0
1,623;0
1,623;0
1,623;0
1,623;0
1,623;0
1,623;117631,0078
1,623;408418,25
1,623;1523759,75
1,623;830497,9375
1,623;1742888,75
1,623;3155962
1,623;3607366
1,623;3607366
1,623;3004306
1,623;293061,625
1,623;0
1,623;0
1,623;0
1,623;0
1,623;0
1,623;0
1,623;0
1,6557;0
1,6557;0
1,6557;0
1,6557;0
1,6557;0
1,6557;0
1,6557;0
1,6557;70399,6797
1,6557;1308209
1,6557;2634643,25
1,6557;2937818,5
1,6557;3607366
1,6557;1538133,875
1,6557;234549,375
1,6557;173004,6094
1,6557;128699,6641
1,6557;972692,25
1,6557;665135,25
1,6557;0
1,6557;0
1,6557;0
1,6557;0
1,6557;0
1,6557;0
1,6885;0
1,6885;0
1,6885;0
1,6885;0
1,6885;0
1,6885;0
1,6885;0
1,6885;82711,6719
1,6885;1122331,375
1,6885;2243419,5
1,6885;2935513,75
1,6885;3607366
1,6885;3607366
1,6885;3607366
1,6885;2871482,25
1,6885;2419062,25
1,6885;1079770,125
1,6885;351058,3438
1,6885;0
1,6885;0
1,6885;0
1,6885;0
1,6885;0
1,6885;0
1,7213;0
1,7213;0
1,7213;0
1,7213;0
1,7213;0
1,7213;0
1,7213;0
1,7213;62636,4648
1,7213;1356714
1,7213;2667895
1,7213;3607366
1,7213;3607366
1,7213;3607366
1,7213;1824857,5
1,7213;2759188,25
1,7213;2666651,5
1,7213;2061059,625
1,7213;759324,9375
1,7213;0
1,7213;0
1,7213;0
1,7213;0
1,7213;0
1,7213;0
1,7541;0
1,7541;0
1,7541;0
1,7541;0
1,7541;0
1,7541;0
1,7541;0
1,7541;36617,543
1,7541;334637,3125
1,7541;625166,75
1,7541;813546,1875
1,7541;867358,0625
1,7541;657599,5
1,7541;847419,375
1,7541;905416,0625
1,7541;640511,25
1,7541;521879,5313
1,7541;207999,7656
1,7541;0
1,7541;0
1,7541;0
1,7541;0
1,7541;0
1,7541;0
1,7869;0
1,7869;0
1,7869;0
1,7869;0
1,7869;0
1,7869;0
1,7869;0
1,7869;116706,0859
1,7869;806253,0625
1,7869;2031431,875
1,7869;3132202,25
1,7869;3607366
1,7869;3607366
1,7869;3607366
1,7869;3596888,5
1,7869;2659525
1,7869;1636144,5
1,7869;584895,0625
1,7869;0
1,7869;0
1,7869;0
1,7869;0
1,7869;0
1,7869;0
1,8197;0
1,8197;0
1,8197;0
1,8197;0
1,8197;0
1,8197;0
1,8197;0
1,8197;187666,7969
1,8197;1246922,125
1,8197;2520499,75
1,8197;3392649,25
1,8197;3607366
1,8197;3607366
1,8197;3607366
1,8197;3607366
1,8197;1493662,125
1,8197;522319,2813
1,8197;95645,3203
1,8197;0
1,8197;0
1,8197;0
1,8197;0
1,8197;0
1,8197;0
1,8525;0
1,8525;0
1,8525;0
1,8525;0
1,8525;0
1,8525;0
1,8525;0
1,8525;182481,2031
1,8525;1173914,375
1,8525;2295199,75
1,8525;2835880,5
1,8525;3509310
1,8525;3002456,25
1,8525;2651701
1,8525;2837412
1,8525;2598890
1,8525;1992797,875
1,8525;786951,0625
1,8525;0
1,8525;0
1,8525;0
1,8525;0
1,8525;0
1,8525;0
1,8852;0
1,8852;0
1,8852;0
1,8852;0
1,8852;0
1,8852;0
1,8852;0
1,8852;81513,8281
1,8852;647804,5
1,8852;1281689,75
1,8852;2372043,25
1,8852;2697340,5
1,8852;1744859,875
1,8852;1848586,875
1,8852;378032,5
1,8852;145757,5156
1,8852;215186,7969
1,8852;135295,375
1,8852;0
1,8852;0
1,8852;0
1,8852;0
1,8852;0
1,8852;0
2;0
2;0
2;0
2;0
2;0
2;0
2;0
2;130231,0781
2;364310,4063
2;2274593,75
2;2314365
2;898229
2;1772713,5
2;1373999,25
2;1828132,625
2;1129943
2;85865,4766
2;37269,5273
2;0
2;0
2;0
2;0
2;0
2;0
2,0328;0
2,0328;0
2,0328;0
2,0328;0
2,0328;0
2,0328;0
2,0328;0
2,0328;336790,4063
2,0328;1352938,5
2,0328;1811271,875
2,0328;1865174,75
2,0328;3607366
2,0328;3607366
2,0328;3607366
2,0328;3607366
2,0328;3428387,25
2,0328;1787102,75
2,0328;656022,5625
2,0328;0
2,0328;0
2,0328;0
2,0328;0
2,0328;0
2,0328;0
2,0656;0
2,0656;0
2,0656;0
2,0656;0
2,0656;0
2,0656;0
2,0656;0
2,0656;236641,7969
2,0656;1179418,375
2,0656;2132596,5
2,0656;2958621,5
2,0656;3607366
2,0656;3607366
2,0656;3607366
2,0656;3113961,5
2,0656;2818807,5
2,0656;1890693,25
2,0656;820217,75
2,0656;0
2,0656;0
2,0656;0
2,0656;0
2,0656;0
2,0656;0
2,0984;0
2,0984;0
2,0984;0
2,0984;0
2,0984;0
2,0984;0
2,0984;0
2,0984;63652,3516
2,0984;264813,8125
2,0984;594553,625
2,0984;793213,25
2,0984;976695,125
2,0984;909373,5
2,0984;1004109
2,0984;887797,1875
2,0984;970963,75
2,0984;534661,5625
2,0984;62257,3984
2,0984;0
2,0984;0
2,0984;0
2,0984;0
2,0984;0
2,0984;0
2,1311;0
2,1311;0
2,1311;0
2,1311;0
2,1311;0
2,1311;0
2,1311;0
2,1311;81953,5391
2,1311;65274,7461
2,1311;129624,5781
2,1311;185832,1094
2,1311;225057,6094
2,1311;1870618,125
2,1311;1150124,375
2,1311;2134946,5
2,1311;3505959
2,1311;1951388,875
2,1311;941988,125
2,1311;40817,5664
2,1311;0
2,1311;0
2,1311;0
2,1311;0
2,1311;0
2,1639;0
2,1639;0
2,1639;0
2,1639;0
2,1639;0
2,1639;0
2,1639;0
2,1639;250060,6406
2,1639;1610246,875
2,1639;2943277
2,1639;3607366
2,1639;3607366
2,1639;3607366
2,1639;3607366
2,1639;3607366
2,1639;3381929,25
2,1639;2263237
2,1639;933497,125
2,1639;30886,0996
2,1639;0
2,1639;0
2,1639;0
2,1639;0
2,1639;0
2,1967;0
2,1967;0
2,1967;0
2,1967;0
2,1967;0
2,1967;0
2,1967;0
2,1967;96054,7031
2,1967;311787,3438
2,1967;427886,9688
2,1967;632596,4375
2,1967;1610610,75
2,1967;1960168
2,1967;2355743,5
2,1967;1553448
2,1967;1284540,375
2,1967;94417,1484
2,1967;183224,1719
2,1967;0
2,1967;0
2,1967;0
2,1967;0
2,1967;0
2,1967;0
2,2295;0
2,2295;0
2,2295;0
2,2295;0
2,2295;0
2,2295;0
2,2295;0
2,2295;175294,1563
2,2295;579103
2,2295;1854106
2,2295;827253,125
2,2295;229591,2188
2,2295;1682708,625
2,2295;1858867
2,2295;3002729,25
2,2295;2328739,25
2,2295;476725,5
2,2295;437970,0313
2,2295;0
2,2295;0
2,2295;0
2,2295;0
2,2295;0
2,2295;0
2,2623;0
2,2623;0
2,2623;0
2,2623;0
2,2623;0
2,2623;0
2,2623;0
2,2623;286905,625
2,2623;628927,0625
2,2623;363537,125
2,2623;207180,9688
2,2623;1400882,375
2,2623;1105212,875
2,2623;2973329
2,2623;3607366
2,2623;3251304
2,2623;2412284,5
2,2623;772834,8125
2,2623;40954,0273
2,2623;0
2,2623;0
2,2623;0
2,2623;0
2,2623;0
2,2951;0
2,2951;0
2,2951;0
2,2951;0
2,2951;0
2,2951;0
2,2951;0
2,2951;276686,0938
2,2951;678948,3125
2,2951;1768270,75
2,2951;2059467,5
2,2951;1976604,125
2,2951;1274472,375
2,2951;2462199,75
2,2951;2363067
2,2951;3166257,25
2,2951;2495845,5
2,2951;1060832,125
2,2951;38755,4609
2,2951;0
2,2951;0
2,2951;0
2,2951;0
2,2951;0
2,3279;0
2,3279;0
2,3279;0
2,3279;0
2,3279;0
2,3279;0
2,3279;0
2,3279;320081,2813
2,3279;1568504,375
2,3279;2289180
2,3279;2547292
2,3279;3231744,25
2,3279;3607366
2,3279;3495587,5
2,3279;3413391,75
2,3279;1957514,5
2,3279;1627380,5
2,3279;367009,3438
2,3279;37860,8711
2,3279;0
2,3279;0
2,3279;0
2,3279;0
2,3279;0
2,3607;0
2,3607;0
2,3607;0
2,3607;0
2,3607;0
2,3607;0
2,3607;0
2,3607;405522,1875
2,3607;1565790,375
2,3607;2757308,25
2,3607;3560468,25
2,3607;3607366
2,3607;3607366
2,3607;3607366
2,3607;3607366
2,3607;3067337
2,3607;2019726,375
2,3607;824781,625
2,3607;52037,8438
2,3607;0
2,3607;0
2,3607;0
2,3607;0
2,3607;0
2,3934;0
2,3934;0
2,3934;0
2,3934;0
2,3934;0
2,3934;0
2,3934;0
2,3934;236520,5
2,3934;889540,875
2,3934;2136644,75
2,3934;3081074,25
2,3934;3607366
2,3934;3607366
2,3934;3307405,25
2,3934;3061499,25
2,3934;1499454,25
2,3934;875591,375
2,3934;509036,875
2,3934;40650,7734
2,3934;0
2,3934;0
2,3934;0
2,3934;0
2,3934;0
2,4262;0
2,4262;0
2,4262;0
2,4262;0
2,4262;0
2,4262;0
2,4262;0
2,4262;152338,0781
2,4262;298080,4063
2,4262;797837,8125
2,4262;2051734,625
2,4262;1472616,5
2,4262;1949008,375
2,4262;2558664
2,4262;3576616,25
2,4262;2683194
2,4262;2049899,875
2,4262;940941,9375
2,4262;79997,5781
2,4262;0
2,4262;0
2,4262;0
2,4262;0
2,4262;0
2,459;0
2,459;0
2,459;0
2,459;0
2,459;0
2,459;0
2,459;0
2,459;353908,9063
2,459;1318140,5
2,459;978817,9375
2,459;3223723,5
2,459;3607366
2,459;836441,625
2,459;1077495,75
2,459;1818367,875
2,459;2164301,25
2,459;2211365,75
2,459;624241,875
2,459;93840,9766
2,459;0
2,459;0
2,459;0
2,459;0
2,459;0
2,4918;0
2,4918;0
2,4918;0
2,4918;0
2,4918;0
2,4918;0
2,4918;0
2,4918;157023,2813
2,4918;581180,3125
2,4918;1227210,75
2,4918;1786647,875
2,4918;3191048
2,4918;3607366
2,4918;3607366
2,4918;3337260,5
2,4918;2845144,75
2,4918;1369556,625
2,4918;636220,3125
2,4918;57086,9727
2,4918;0
2,4918;0
2,4918;0
2,4918;0
2,4918;0
2,5246;0
2,5246;0
2,5246;0
2,5246;0
2,5246;0
2,5246;0
2,5246;0
2,5246;188788,8125
2,5246;1607199,125
2,5246;2109200,5
2,5246;1840474,875
2,5246;2441442,25
2,5246;2528975,75
2,5246;3069065,5
2,5246;2122543,75
2,5246;2547701,25
2,5246;1819338,25
2,5246;912481,8125
2,5246;91718,2188
2,5246;0
2,5246;0
2,5246;0
2,5246;0
2,5246;0
2,5574;0
2,5574;0
2,5574;0
2,5574;0
2,5574;0
2,5574;0
2,5574;0
2,5574;0
2,5574;585486,375
2,5574;1294001,75
2,5574;1184209,625
2,5574;2105971
2,5574;3446491,5
2,5574;3288634,25
2,5574;2878093,25
2,5574;3382171,75
2,5574;2349633
2,5574;997149,4375
2,5574;99966,6406
2,5574;0
2,5574;0
2,5574;0
2,5574;0
2,5574;0
2,5902;0
2,5902;0
2,5902;0
2,5902;0
2,5902;0
2,5902;0
2,5902;0
2,5902;556207,5625
2,5902;1877122,75
2,5902;3149290,25
2,5902;3607366
2,5902;3607366
2,5902;3607366
2,5902;3144028,75
2,5902;3607366
2,5902;1344644,625
2,5902;114264,9141
2,5902;49717,9766
2,5902;0
2,5902;0
2,5902;0
2,5902;0
2,5902;0
2,5902;0
2,623;0
2,623;0
2,623;0
2,623;0
2,623;0
2,623;0
2,623;0
2,623;505276,5625
2,623;1235231,625
2,623;1795290,5
2,623;1734867,75
2,623;2004275,875
2,623;3204800,25
2,623;1870360,25
2,623;1190092,75
2,623;1110443,875
2,623;201934,75
2,623;126288,8203
2,623;32417,5156
2,623;0
2,623;0
2,623;0
2,623;0
2,623;0
2,6557;0
2,6557;0
2,6557;0
2,6557;0
2,6557;0
2,6557;0
2,6557;0
2,6557;477559,4375
2,6557;1479909,625
2,6557;2441139
2,6557;2548156,25
2,6557;2907523,5
2,6557;3310453
2,6557;2591915,5
2,6557;2981607,75
2,6557;2364113,25
2,6557;1597859
2,6557;897652,875
2,6557;101755,8203
2,6557;0
2,6557;0
2,6557;0
2,6557;0
2,6557;0
2,6885;0
2,6885;0
2,6885;0
2,6885;0
2,6885;0
2,6885;0
2,6885;0
2,6885;352589,75
2,6885;1484185,5
2,6885;2223480,75
2,6885;3099754,25
2,6885;3607366
2,6885;3607366
2,6885;3607366
2,6885;3607366
2,6885;3140951
2,6885;1584106,625
2,6885;874727,125
2,6885;101664,8438
2,6885;0
2,6885;0
2,6885;0
2,6885;0
2,6885;0
2,7213;0
2,7213;0
2,7213;0
2,7213;0
2,7213;0
2,7213;0
2,7213;0
2,7213;108093,7656
2,7213;341551,4375
2,7213;615068,5625
2,7213;2003548
2,7213;1477984
2,7213;1000909,75
2,7213;3169198,75
2,7213;2776443,5
2,7213;2509795
2,7213;2113476,5
2,7213;956923,1875
2,7213;58360,625
2,7213;0
2,7213;0
2,7213;0
2,7213;0
2,7213;0
2,7541;0
2,7541;0
2,7541;0
2,7541;0
2,7541;0
2,7541;0
2,7541;0
2,7541;209758,6094
2,7541;837791,125
2,7541;2656841,25
2,7541;2192427,75
2,7541;3607366
2,7541;1387296,875
2,7541;3069687
2,7541;3235792,75
2,7541;2871588,5
2,7541;1978257
2,7541;711653,9375
2,7541;80907,3281
2,7541;0
2,7541;0
2,7541;0
2,7541;0
2,7541;0
2,7869;0
2,7869;0
2,7869;0
2,7869;0
2,7869;0
2,7869;0
2,7869;34388,6445
2,7869;504791,375
2,7869;1506838,25
2,7869;2543531,75
2,7869;3217794,75
2,7869;3607366
2,7869;3607366
2,7869;3607366
2,7869;3607366
2,7869;2960895,75
2,7869;1960729
2,7869;840490,0625
2,7869;103347,8906
2,7869;0
2,7869;0
2,7869;0
2,7869;0
2,7869;0
2,8197;0
2,8197;0
2,8197;0
2,8197;0
2,8197;0
2,8197;0
2,8197;25579,209
2,8197;623210,8125
2,8197;895514,9375
2,8197;984943,5625
2,8197;351922,5938
2,8197;243267,8438
2,8197;724981,8125
2,8197;2369860
2,8197;2926416,25
2,8197;996315,5
2,8197;2117706,75
2,8197;975512,5
2,8197;116645,4375
2,8197;0
2,8197;0
2,8197;0
2,8197;0
2,8197;0
2,8525;0
2,8525;0
2,8525;0
2,8525;0
2,8525;0
2,8525;0
2,8525;43395,1953
2,8525;560983,75
2,8525;1359367,375
2,8525;1939122,5
2,8525;2049702,875
2,8525;2463048,75
2,8525;3229364
2,8525;3491402,75
2,8525;3607366
2,8525;3357836
2,8525;2252683,75
2,8525;972601,3125
2,8525;116888,0391
2,8525;0
2,8525;0
2,8525;0
2,8525;0
2,8525;0
2,8852;0
2,8852;0
2,8852;0
2,8852;0
2,8852;0
2,8852;0
2,8852;49338,9141
2,8852;595417,875
2,8852;1725876,375
2,8852;2845251,25
2,8852;3607366
2,8852;3607366
2,8852;3607366
2,8852;3607366
2,8852;2977741,5
2,8852;2583363,75
2,8852;1622104
2,8852;645727,1875
2,8852;107184,0156
2,8852;0
2,8852;0
2,8852;0
2,8852;0
2,8852;0
2,918;0
2,918;0
2,918;0
2,918;0
2,918;0
2,918;0
2,918;49793,7891
2,918;451040,1563
2,918;1415590,125
2,918;1965080,75
2,918;3443883,5
2,918;3607366
2,918;3607366
2,918;3285162
2,918;3039741
2,918;2623953,75
2,918;1870769,625
2,918;718310,25
2,918;112945,7734
2,918;0
2,918;0
2,918;0
2,918;0
2,918;0
2,9508;0
2,9508;0
2,9508;0
2,9508;0
2,9508;0
2,9508;0
2,9508;0
2,9508;47792,332
2,9508;117615,8359
2,9508;188364,25
2,9508;874560,25
2,9508;1542697,75
2,9508;2819171,5
2,9508;2295336
2,9508;2641254,25
2,9508;1890572
2,9508;1661344,625
2,9508;1056980,875
2,9508;128972,5859
2,9508;0
2,9508;0
2,9508;0
2,9508;0
2,9508;0
2,9836;0
2,9836;0
2,9836;0
2,9836;0
2,9836;0
2,9836;0
2,9836;70687,7734
2,9836;706801,875
2,9836;1408069,5
2,9836;2578087
2,9836;3190684,25
2,9836;2830695
2,9836;3255170,25
2,9836;3607366
2,9836;2913846,25
2,9836;1802720,125
2,9836;1615053,5
2,9836;533251,4375
2,9836;114219,4297
2,9836;0
2,9836;0
2,9836;0
2,9836;0
2,9836;0
3;0
3;0
3;0
3;0
3;0
3;0
3;66032,875
3;632384,1875
3;1633885,25
3;2647683
3;3219053,25
3;3607366
3;3607366
3;3607366
3;3471297,25
3;2408918,75
3;1570960,75
3;829375,875
3;114780,4453
3;0
3;0
3;0
3;0
3;0
3,0328;0
3,0328;0
3,0328;0
3,0328;0
3,0328;0
3,0328;0
3,0328;75494,2969
3,0328;561711,5625
3,0328;1638767,625
3,0328;2492100,5
3,0328;3189577,25
3,0328;3607366
3,0328;3607366
3,0328;3607366
3,0328;3055798
3,0328;1980030,875
3,0328;1462639,375
3,0328;699812
3,0328;117767,4688
3,0328;0
3,0328;0
3,0328;0
3,0328;0
3,0328;0
3,0656;0
3,0656;0
3,0656;0
3,0656;0
3,0656;0
3,0656;0
3,0656;79087,8203
3,0656;529127,25
3,0656;1704209,125
3,0656;2992782,75
3,0656;2894893
3,0656;2774760,5
3,0656;3570005,5
3,0656;1865129,125
3,0656;1565077,625
3,0656;1339337,75
3,0656;1379139,375
3,0656;280507,0313
3,0656;81513,8281
3,0656;0
3,0656;0
3,0656;0
3,0656;0
3,0656;0
3,0984;0
3,0984;0
3,0984;0
3,0984;0
3,0984;0
3,0984;0
3,0984;86638,7656
3,0984;567063,9375
3,0984;1591642,375
3,0984;2758021
3,0984;3612718,25
3,0984;3607366
3,0984;3607366
3,0984;3607366
3,0984;3389071
3,0984;2590520,25
3,0984;1854849
3,0984;769150,3125
3,0984;122634,6406
3,0984;0
3,0984;0
3,0984;0
3,0984;0
3,0984;0
3,1311;0
3,1311;0
3,1311;0
3,1311;0
3,1311;0
3,1311;0
3,1311;81862,5625
3,1311;453663,25
3,1311;1213655,375
3,1311;2324023,5
3,1311;2336866,25
3,1311;3607366
3,1311;3607366
3,1311;3399806
3,1311;3300248,75
3,1311;2331938,5
3,1311;1917910
3,1311;813970,75
3,1311;129715,5469
3,1311;0
3,1311;0
3,1311;0
3,1311;0
3,1311;0
3,1639;0
3,1639;0
3,1639;0
3,1639;0
3,1639;0
3,1639;0
3,1639;97373,8438
3,1639;696991,75
3,1639;1824099,375
3,1639;2783570
3,1639;3544623,5
3,1639;3607366
3,1639;3607366
3,1639;3607366
3,1639;3607366
3,1639;2977165,25
3,1639;2019923,625
3,1639;934664,5625
3,1639;115523,4141
3,1639;0
3,1639;0
3,1639;0
3,1639;0
3,1639;0
3,1967;0
3,1967;0
3,1967;0
3,1967;0
3,1967;0
3,1967;0
3,1967;104758,0078
3,1967;550749,0625
3,1967;1492509,75
3,1967;2608685,25
3,1967;3607366
3,1967;3607366
3,1967;3607366
3,1967;2406856,5
3,1967;911647,875
3,1967;587973,0625
3,1967;125136,4609
3,1967;63394,5898
3,1967;44092,6758
3,1967;0
3,1967;0
3,1967;0
3,1967;0
3,1967;0
3,2295;0
3,2295;0
3,2295;0
3,2295;0
3,2295;0
3,2295;0
3,2295;82196,1484
3,2295;585395,4375
3,2295;121436,8047
3,2295;813440,0625
3,2295;2873514
3,2295;2020514,875
3,2295;1834637,375
3,2295;2533130,25
3,2295;2600452
3,2295;474466,2813
3,2295;513434
3,2295;340762,9688
3,2295;72643,7344
3,2295;0
3,2295;0
3,2295;0
3,2295;0
3,2295;0
3,2623;0
3,2623;0
3,2623;0
3,2623;0
3,2623;0
3,2623;0
3,2623;50627,7305
3,2623;183133,1875
3,2623;723677,8125
3,2623;477316,8125
3,2623;1812803,25
3,2623;2973784
3,2623;3430646,5
3,2623;2228105,25
3,2623;1825327,5
3,2623;1435938,375
3,2623;835835,1875
3,2623;78678,4375
3,2623;0
3,2623;0
3,2623;0
3,2623;0
3,2623;0
3,2623;0
3,2951;0
3,2951;0
3,2951;0
3,2951;0
3,2951;0
3,2951;0
3,2951;108654,7734
3,2951;877653,5
3,2951;2444565,75
3,2951;3414013,25
3,2951;3607366
3,2951;3607366
3,2951;3607366
3,2951;2363355
3,2951;621967,5
3,2951;642649,1875
3,2951;633945,9375
3,2951;472646,7813
3,2951;125561,0156
3,2951;0
3,2951;0
3,2951;0
3,2951;0
3,2951;0
3,3279;0
3,3279;0
3,3279;0
3,3279;0
3,3279;0
3,3279;0
3,3279;66806,1641
3,3279;749514,75
3,3279;597313,1875
3,3279;1619116,875
3,3279;708985,3125
3,3279;1627486,75
3,3279;3578542
3,3279;3501971
3,3279;2357335,5
3,3279;1575964,375
3,3279;2188030,75
3,3279;1077419,875
3,3279;0
3,3279;0
3,3279;0
3,3279;0
3,3279;0
3,3279;0
3,3607;0
3,3607;0
3,3607;0
3,3607;0
3,3607;0
3,3607;0
3,3607;53660,2344
3,3607;56344,0078
3,3607;373468,5938
3,3607;981001,3125
3,3607;1214368,125
3,3607;1352407,75
3,3607;1521561,125
3,3607;1517906,875
3,3607;1239128,375
3,3607;1132930
3,3607;804797,4375
3,3607;408827,625
3,3607;83757,8828
3,3607;0
3,3607;0
3,3607;0
3,3607;0
3,3607;0
3,3934;0
3,3934;0
3,3934;0
3,3934;0
3,3934;0
3,3934;0
3,3934;116099,5938
3,3934;848071,375
3,3934;2001470,75
3,3934;3006489,5
3,3934;3607366
3,3934;3607366
3,3934;3607366
3,3934;3607366
3,3934;3607366
3,3934;3119390
3,3934;2118480
3,3934;944565,75
3,3934;149987,875
3,3934;0
3,3934;0
3,3934;0
3,3934;0
3,3934;0
3,4262;0
3,4262;0
3,4262;0
3,4262;0
3,4262;0
3,4262;0
3,4262;119511,1563
3,4262;652883,9375
3,4262;1157614,625
3,4262;1690274,75
3,4262;2712184,5
3,4262;2737445,5
3,4262;2002729,25
3,4262;1645075,125
3,4262;1502153
3,4262;1529794,375
3,4262;1561923,875
3,4262;856289,375
3,4262;182769,2813
3,4262;0
3,4262;0
3,4262;0
3,4262;0
3,4262;0
3,459;0
3,459;0
3,459;0
3,459;0
3,459;0
3,459;0
3,459;110716,8828
3,459;994359,5625
3,459;2311150,5
3,459;3378639
3,459;3607366
3,459;2631732
3,459;2658342,5
3,459;2290514,25
3,459;2049187,25
3,459;1303902,875
3,459;929706,4375
3,459;579178,8125
3,459;139389,25
3,459;0
3,459;0
3,459;0
3,459;0
3,459;0
3,4918;0
3,4918;0
3,4918;0
3,4918;0
3,4918;0
3,4918;0
3,4918;114628,8203
3,4918;962169,4375
3,4918;1997998,625
3,4918;3507353,75
3,4918;3385113,5
3,4918;1584030,75
3,4918;1579618,5
3,4918;3390890,25
3,4918;542743,1875
3,4918;215823,6406
3,4918;282887,5625
3,4918;75388,1563
3,4918;40832,7266
3,4918;0
3,4918;0
3,4918;0
3,4918;0
3,4918;0
3,5246;0
3,5246;0
3,5246;0
3,5246;0
3,5246;0
3,5246;0
3,5246;130898,2266
3,5246;368267,8125
3,5246;855667,75
3,5246;1488309,75
3,5246;2453178,25
3,5246;2250621,5
3,5246;2768740,75
3,5246;1981501,75
3,5246;2575115,25
3,5246;2404673
3,5246;1914710,75
3,5246;922185,8125
3,5246;166651,5156
3,5246;0
3,5246;0
3,5246;0
3,5246;0
3,5246;0
3,5574;0
3,5574;0
3,5574;0
3,5574;0
3,5574;0
3,5574;0
3,5574;101528,3906
3,5574;528202,375
3,5574;837457,5625
3,5574;1337897,25
3,5574;1972373,875
3,5574;2504715,5
3,5574;2282796,5
3,5574;1667682,625
3,5574;1948659,625
3,5574;1708742,625
3,5574;718750
3,5574;299975,75
3,5574;0
3,5574;0
3,5574;0
3,5574;0
3,5574;0
3,5574;0
3,5902;0
3,5902;0
3,5902;0
3,5902;0
3,5902;0
3,5902;0
3,5902;147258,6094
3,5902;803933,1875
3,5902;1780082,5
3,5902;3026307
3,5902;3607366
3,5902;3607366
3,5902;3607366
3,5902;3607366
3,5902;3351058,25
3,5902;2410844,25
3,5902;1558315,125
3,5902;839929,0625
3,5902;179069,625
3,5902;0
3,5902;0
3,5902;0
3,5902;0
3,5902;0
3,623;0
3,623;0
3,623;0
3,623;0
3,623;0
3,623;0
3,623;140374,8125
3,623;808391
3,623;1832863,25
3,623;2816275,5
3,623;3493631,75
3,623;3607366
3,623;3607366
3,623;3607366
3,623;3477134,75
3,623;2809043
3,623;1896712,75
3,623;836578,125
3,623;168364,875
3,623;0
3,623;0
3,623;0
3,623;0
3,623;0
3,6557;0
3,6557;0
3,6557;0
3,6557;0
3,6557;0
3,6557;0
3,6557;177128,8281
3,6557;800612,5625
3,6557;2206241
3,6557;3372922,75
3,6557;3490750,75
3,6557;3607366
3,6557;3607366
3,6557;3607366
3,6557;3607366
3,6557;2709167,25
3,6557;2245436
3,6557;878805,8125
3,6557;217400,5313
3,6557;0
3,6557;0
3,6557;0
3,6557;0
3,6557;0
3,6885;0
3,6885;0
3,6885;0
3,6885;0
3,6885;0
3,6885;0
3,6885;145211,6719
3,6885;915802,4375
3,6885;1904657,875
3,6885;2740083,75
3,6885;3498438,25
3,6885;3607366
3,6885;3607366
3,6885;3607366
3,6885;3607366
3,6885;3067291,5
3,6885;2003548
3,6885;890496,125
3,6885;160131,6094
3,6885;0
3,6885;0
3,6885;0
3,6885;0
3,6885;0
3,7213;0
3,7213;0
3,7213;0
3,7213;0
3,7213;0
3,7213;0
3,7213;192018,4375
3,7213;808481,9375
3,7213;1726407,125
3,7213;2821006,25
3,7213;3607366
3,7213;3607366
3,7213;2990159,5
3,7213;3607366
3,7213;3607366
3,7213;3243586,25
3,7213;2431207,5
3,7213;1123104,625
3,7213;168349,7188
3,7213;0
3,7213;0
3,7213;0
3,7213;0
3,7213;0
3,7541;0
3,7541;0
3,7541;0
3,7541;0
3,7541;0
3,7541;0
3,7541;186954,1406
3,7541;489977,5625
3,7541;225224,4063
3,7541;881034,6875
3,7541;451889,25
3,7541;799445,0625
3,7541;932359,875
3,7541;966248,1875
3,7541;2539589,25
3,7541;2499833,25
3,7541;1333439,5
3,7541;742009,375
3,7541;193231,4375
3,7541;0
3,7541;0
3,7541;0
3,7541;0
3,7541;0
3,7869;0
3,7869;0
3,7869;0
3,7869;0
3,7869;0
3,7869;0
3,7869;160161,9219
3,7869;843098
3,7869;1666985,125
3,7869;2142330,75
3,7869;3369586,75
3,7869;3607366
3,7869;3607366
3,7869;3607366
3,7869;3193929
3,7869;2740098,75
3,7869;1799657,375
3,7869;872392,0625
3,7869;208939,8438
3,7869;0
3,7869;0
3,7869;0
3,7869;0
3,7869;0
3,8197;0
3,8197;0
3,8197;0
3,8197;0
3,8197;0
3,8197;0
3,8197;181935,3438
3,8197;991145,0625
3,8197;2136311,25
3,8197;3092112,25
3,8197;3607366
3,8197;3607366
3,8197;3607366
3,8197;3607366
3,8197;3607366
3,8197;2973420,25
3,8197;2018725,75
3,8197;940153,5
3,8197;180115,8438
3,8197;0
3,8197;0
3,8197;0
3,8197;0
3,8197;0
3,8525;0
3,8525;0
3,8525;0
3,8525;0
3,8525;0
3,8525;0
3,8525;151837,7031
3,8525;1084197,625
3,8525;2307086,75
3,8525;3309664,75
3,8525;3607366
3,8525;3607366
3,8525;3607366
3,8525;3607366
3,8525;3607366
3,8525;3202571,5
3,8525;2199266
3,8525;1031644,25
3,8525;153778,5
3,8525;0
3,8525;0
3,8525;0
3,8525;0
3,8525;0
3,8852;0
3,8852;0
3,8852;0
3,8852;0
3,8852;0
3,8852;0
3,8852;154961,1875
3,8852;1079330,5
3,8852;2300779,25
3,8852;3295427
3,8852;3607366
3,8852;3607366
3,8852;3607366
3,8852;3607366
3,8852;3607366
3,8852;3164892,5
3,8852;2188455,25
3,8852;1033509,25
3,8852;152019,6563
3,8852;0
3,8852;0
3,8852;0
3,8852;0
3,8852;0
3,918;0
3,918;0
3,918;0
3,918;0
3,918;0
3,918;0
3,918;168228,4063
3,918;1049748,375
3,918;2200069,75
3,918;3168334,5
3,918;3607366
3,918;3607366
3,918;3607366
3,918;3607366
3,918;3607366
3,918;2989553
3,918;2083287,875
3,918;983366,6875
3,918;191275,4688
3,918;0
3,918;0
3,918;0
3,918;0
3,918;0
3,9508;0
3,9508;0
3,9508;0
3,9508;0
3,9508;0
3,9508;0
3,9508;157220,4063
3,9508;1127046,875
3,9508;1728059,75
3,9508;2216900,25
3,9508;1658221,125
3,9508;3292607
3,9508;2285328,75
3,9508;1931571,5
3,9508;2765632,5
3,9508;3332211,25
3,9508;1565244,375
3,9508;1043774,25
3,9508;187727,4375
3,9508;0
3,9508;0
3,9508;0
3,9508;0
3,9508;0
4;0
4;0
4;0
4;0
4;0
4;0
4;224587,5781
4;1042606,75
4;2523365,25
4;3594432,25
4;2340611,5
4;3607366
4;2533387,75
4;666424,0625
4;265753,875
4;217627,9688
4;156598,7344
4;90550,7031
4;31083,2129
4;0
4;0
4;0
4;0
4;0
4,0328;0
4,0328;0
4,0328;0
4,0328;0
4,0328;0
4,0328;0
4,0328;193671,1563
4,0328;1079300,125
4,0328;2282857,25
4,0328;3248878
4,0328;3607366
4,0328;3607366
4,0328;3607366
4,0328;3607366
4,0328;3607366
4,0328;3180874
4,0328;2203253,75
4,0328;1028065,875
4,0328;180692,0156
4,0328;0
4,0328;0
4,0328;0
4,0328;0
4,0328;0
4,0656;0
4,0656;0
4,0656;0
4,0656;0
4,0656;0
4,0656;0
4,0656;225072,7813
4,0656;947583,0625
4,0656;1993374
4,0656;2744314
4,0656;3321355
4,0656;3607366
4,0656;3572128
4,0656;3404900,5
4,0656;2768832
4,0656;2712275,75
4,0656;1674354,125
4,0656;858351,5
4,0656;222525,4688
4,0656;0
4,0656;0
4,0656;0
4,0656;0
4,0656;0
4,0984;0
4,0984;0
4,0984;0
4,0984;0
4,0984;0
4,0984;28551,0684
4,0984;204573,0313
4,0984;943610,5
4,0984;1899078,125
4,0984;2906962,5
4,0984;3607366
4,0984;3607366
4,0984;3607366
4,0984;3607366
4,0984;3485610,5
4,0984;2482684,5
4,0984;1922155,5
4,0984;890890,375
4,0984;226801,3125
4,0984;0
4,0984;0
4,0984;0
4,0984;0
4,0984;0
4,1311;0
4,1311;0
4,1311;0
4,1311;0
4,1311;0
4,1311;32159,752
4,1311;191457,4219
4,1311;1117342,875
4,1311;2298080,5
4,1311;3227741,5
4,1311;3607366
4,1311;3607366
4,1311;3607366
4,1311;3607366
4,1311;3607366
4,1311;3105213
4,1311;2166257,25
4,1311;1042349
4,1311;180161,3438
4,1311;25564,0469
4,1311;0
4,1311;0
4,1311;0
4,1311;0
4,1639;0
4,1639;0
4,1639;0
4,1639;0
4,1639;0
4,1639;0
4,1639;175263,8281
4,1639;757096,0625
4,1639;1345706
4,1639;1733609,375
4,1639;2640329,25
4,1639;2889738
4,1639;3258294
4,1639;3607366
4,1639;3473662,75
4,1639;3156720
4,1639;2005473,625
4,1639;973162,3125
4,1639;265450,625
4,1639;37618,2695
4,1639;0
4,1639;0
4,1639;0
4,1639;0
4,1967;0
4,1967;0
4,1967;0
4,1967;0
4,1967;0
4,1967;40256,5508
4,1967;199114,5156
4,1967;1139768,375
4,1967;2226907,5
4,1967;2875379
4,1967;3607366
4,1967;3607366
4,1967;3607366
4,1967;3411253,5
4,1967;2752486,75
4,1967;1649062,875
4,1967;1402974,875
4,1967;809194,5625
4,1967;255185,5938
4,1967;29430,4961
4,1967;0
4,1967;0
4,1967;0
4,1967;0
4,2295;0
4,2295;0
4,2295;0
4,2295;0
4,2295;0
4,2295;42864,5078
4,2295;182435,7031
4,2295;1192685,5
4,2295;2445202,75
4,2295;3450600,25
4,2295;3607366
4,2295;3607366
4,2295;3607366
4,2295;3607366
4,2295;3607366
4,2295;3298277,5
4,2295;2309664,75
4,2295;1089595,5
4,2295;166681,8281
4,2295;33221,1289
4,2295;0
4,2295;0
4,2295;0
4,2295;0
4,2623;0
4,2623;0
4,2623;0
4,2623;0
4,2623;0
4,2623;42333,8203
4,2623;290453,6563
4,2623;979970,3125
4,2623;2006595,75
4,2623;2837139,25
4,2623;3546018,25
4,2623;3607366
4,2623;3607366
4,2623;3607366
4,2623;3366296,75
4,2623;2755458,5
4,2623;1901049,25
4,2623;913300,5625
4,2623;264101,1875
4,2623;34585,7617
4,2623;0
4,2623;0
4,2623;0
4,2623;0
4,2951;0
4,2951;0
4,2951;0
4,2951;0
4,2951;0
4,2951;45684,7422
4,2951;249939,3594
4,2951;1040226,25
4,2951;2160237,75
4,2951;3091036
4,2951;3607366
4,2951;3607366
4,2951;3607366
4,2951;3607366
4,2951;3607366
4,2951;2935301,5
4,2951;1907205,25
4,2951;961320,3125
4,2951;226255,4531
4,2951;37967,0078
4,2951;0
4,2951;0
4,2951;0
4,2951;0
4,3279;0
4,3279;0
4,3279;0
4,3279;0
4,3279;0
4,3279;40104,9258
4,3279;282887,5625
4,3279;1022486
4,3279;1767330,75
4,3279;2459500,75
4,3279;3084485,75
4,3279;3591020,75
4,3279;3607366
4,3279;3607366
4,3279;3291833,5
4,3279;2839686,5
4,3279;1994723,5
4,3279;1002865,75
4,3279;217112,4375
4,3279;42652,2305
4,3279;0
4,3279;0
4,3279;0
4,3279;0
4,3607;0
4,3607;0
4,3607;0
4,3607;0
4,3607;0
4,3607;52325,9336
4,3607;286132,3438
4,3607;1183952
4,3607;2308239,25
4,3607;3215929,75
4,3607;3607366
4,3607;1874757,375
4,3607;1977241,125
4,3607;1777019,625
4,3607;1782933,125
4,3607;1338488,625
4,3607;904430,5
4,3607;429024,1563
4,3607;167819,0313
4,3607;0
4,3607;0
4,3607;0
4,3607;0
4,3607;0
4,3934;0
4,3934;0
4,3934;0
4,3934;0
4,3934;0
4,3934;0
4,3934;100982,5313
4,3934;248483,75
4,3934;288467,375
4,3934;600709,625
4,3934;810392,375
4,3934;1071794,625
4,3934;1259036,875
4,3934;1289559
4,3934;1276049,25
4,3934;1180707,25
4,3934;894590
4,3934;491054,125
4,3934;183481,9219
4,3934;0
4,3934;0
4,3934;0
4,3934;0
4,3934;0
4,4262;0
4,4262;0
4,4262;0
4,4262;0
4,4262;0
4,4262;25442,7461
4,4262;299748,3125
4,4262;839034,4375
4,4262;1330391,875
4,4262;1200509,5
4,4262;1599845,375
4,4262;1638464,375
4,4262;1579482
4,4262;1155582,875
4,4262;1174172,125
4,4262;947901,5
4,4262;563985,9375
4,4262;463897,9688
4,4262;44062,3477
4,4262;0
4,4262;0
4,4262;0
4,4262;0
4,4262;0
4,459;0
4,459;0
4,459;0
4,459;0
4,459;0
4,459;33114,9922
4,459;291287,5938
4,459;664816,8125
4,459;665499,125
4,459;2680115,75
4,459;3361884,5
4,459;3607366
4,459;3416348,25
4,459;1063955,625
4,459;854151,5
4,459;225163,7656
4,459;166408,9063
4,459;101770,9844
4,459;41317,9258
4,459;0
4,459;0
4,459;0
4,459;0
4,459;0
4,4918;0
4,4918;0
4,4918;0
4,4918;0
4,4918;0
4,4918;71430,7422
4,4918;221873,4844
4,4918;1150624,75
4,4918;2262554,5
4,4918;3190926,75
4,4918;3607366
4,4918;3607366
4,4918;3607366
4,4918;3607366
4,4918;3607366
4,4918;2978241,75
4,4918;2111080,75
4,4918;1025094
4,4918;216733,375
4,4918;54706,4531
4,4918;0
4,4918;0
4,4918;0
4,4918;0
4,5246;0
4,5246;0
4,5246;0
4,5246;0
4,5246;0
4,5246;64031,418
4,5246;273229
4,5246;946082
4,5246;1733442,5
4,5246;2662148,25
4,5246;3058588
4,5246;3609049
4,5246;3607366
4,5246;3607366
4,5246;3431298,5
4,5246;2854849
4,5246;1865887,375
4,5246;984139,9375
4,5246;232153,6875
4,5246;59149,0781
4,5246;0
4,5246;0
4,5246;0
4,5246;0
4,5574;0
4,5574;0
4,5574;0
4,5574;0
4,5574;0
4,5574;24335,8809
4,5574;42712,8828
4,5574;614962,4375
4,5574;1353711,75
4,5574;1982927
4,5574;2469371,75
4,5574;1769711,375
4,5574;2969538,5
4,5574;2191639,5
4,5574;1985459,125
4,5574;1293076,875
4,5574;783281,8125
4,5574;755898,25
4,5574;39877,4844
4,5574;31401,625
4,5574;0
4,5574;0
4,5574;0
4,5574;0
4,5902;0
4,5902;0
4,5902;0
4,5902;0
4,5902;0
4,5902;67761,4063
4,5902;276959
4,5902;1057466
4,5902;2052826,375
4,5902;2868722,5
4,5902;3558042,25
4,5902;3607366
4,5902;3607366
4,5902;3607366
4,5902;3607366
4,5902;2928993,75
4,5902;2039468
4,5902;1005094,625
4,5902;229090,8438
4,5902;61969,3125
4,5902;0
4,5902;0
4,5902;0
4,5902;0
4,623;0
4,623;0
4,623;0
4,623;0
4,623;0
4,623;74402,5938
4,623;278869,4688
4,623;1060544
4,623;1955801,25
4,623;2624105,25
4,623;3028687,5
4,623;3607366
4,623;3607366
4,623;3607366
4,623;3548489,75
4,623;3068747
4,623;2197992,5
4,623;1108124,125
4,623;270499,75
4,623;68367,9063
4,623;0
4,623;0
4,623;0
4,623;0
4,6557;0
4,6557;0
4,6557;0
4,6557;0
4,6557;0
4,6557;71066,8359
4,6557;322052,4063
4,6557;1043243,563
4,6557;1962533,375
4,6557;2660192,25
4,6557;3151049,25
4,6557;3607366
4,6557;3607366
4,6557;3579982,25
4,6557;3330331,25
4,6557;2869374,75
4,6557;2155249,25
4,6557;1005185,625
4,6557;290802,4063
4,6557;71931,1016
4,6557;0
4,6557;0
4,6557;0
4,6557;0
4,6885;0
4,6885;0
4,6885;0
4,6885;0
4,6885;0
4,6885;78344,8516
4,6885;252638,2813
4,6885;1153914,875
4,6885;2272455,75
4,6885;3215717,5
4,6885;3607366
4,6885;3607366
4,6885;3607366
4,6885;3607366
4,6885;3607366
4,6885;3049975,75
4,6885;2129245,5
4,6885;1063985,875
4,6885;222343,5313
4,6885;73250,2422
4,6885;0
4,6885;0
4,6885;0
4,6885;0
4,7213;0
4,7213;0
4,7213;0
4,7213;0
4,7213;0
4,7213;31250
4,7213;317276,2188
4,7213;734791,9375
4,7213;1045275,313
4,7213;1151382,75
4,7213;2687560,75
4,7213;1607684,375
4,7213;1150078,75
4,7213;1430131
4,7213;557329,5625
4,7213;1050900,625
4,7213;1018286
4,7213;422231,3125
4,7213;326858,9375
4,7213;71157,8125
4,7213;0
4,7213;0
4,7213;0
4,7213;0
4,7541;0
4,7541;0
4,7541;0
4,7541;0
4,7541;0
4,7541;35859,4141
4,7541;135083,0938
4,7541;323796,0938
4,7541;772759
4,7541;768513,4375
4,7541;1325676,25
4,7541;1365841,875
4,7541;1970918,25
4,7541;2237612,25
4,7541;2248620,25
4,7541;1660055,75
4,7541;1466490,75
4,7541;512357,4688
4,7541;44972,1016
4,7541;26761,8887
4,7541;0
4,7541;0
4,7541;0
4,7541;0
4,7869;0
4,7869;0
4,7869;0
4,7869;0
4,7869;0
4,7869;80073,3828
4,7869;281462,2813
4,7869;1207347,875
4,7869;2421064
4,7869;3195126,75
4,7869;3607366
4,7869;1989553
4,7869;2107684,25
4,7869;1966248,25
4,7869;1853954,375
4,7869;1435938,375
4,7869;1019741,625
4,7869;491797,0938
4,7869;232396,2969
4,7869;40302,0391
4,7869;0
4,7869;0
4,7869;0
4,7869;0
4,8197;0
4,8197;0
4,8197;0
4,8197;0
4,8197;0
4,8197;82560,0469
4,8197;222874,2188
4,8197;1184801
4,8197;2332150,5
4,8197;3247558,75
4,8197;3607366
4,8197;3607366
4,8197;3607366
4,8197;3607366
4,8197;3607366
4,8197;3153460
4,8197;2229636,75
4,8197;1109867,75
4,8197;207135,4844
4,8197;75994,6641
4,8197;0
4,8197;0
4,8197;0
4,8197;0
4,8525;0
4,8525;0
4,8525;0
4,8525;0
4,8525;0
4,8525;84106,625
4,8525;351300,9375
4,8525;994890,1875
4,8525;1944687,125
4,8525;2630200,75
4,8525;3211836
4,8525;3607366
4,8525;3607366
4,8525;3538255,25
4,8525;3039362
4,8525;2443443,75
4,8525;1841778,875
4,8525;950843
4,8525;255443,3594
4,8525;77889,9844
4,8525;0
4,8525;0
4,8525;0
4,8525;0
4,8852;0
4,8852;0
4,8852;0
4,8852;0
4,8852;0
4,8852;79876,2734
4,8852;278520,75
4,8852;1119359,5
4,8852;2134264,25
4,8852;2884249,25
4,8852;3531750,5
4,8852;3607366
4,8852;3607366
4,8852;3607366
4,8852;3562363,5
4,8852;2914437,75
4,8852;2003502,625
4,8852;1018589,25
4,8852;261902,5938
4,8852;78178,0703
4,8852;0
4,8852;0
4,8852;0
4,8852;0
4,918;0
4,918;0
4,918;0
4,918;0
4,918;0
4,918;81422,8594
4,918;250197,1094
4,918;1162967
4,918;2286814,75
4,918;3226361,5
4,918;3607366
4,918;3607366
4,918;3607366
4,918;3607366
4,918;3607366
4,918;3120193,5
4,918;2192412,75
4,918;1103545
4,918;237248,2969
4,918;80740,5313
4,918;0
4,918;0
4,918;0
4,918;0
4,9508;0
4,9508;0
4,9508;0
4,9508;0
4,9508;0
4,9508;81877,7266
4,9508;261174,7969
4,9508;1129882,375
4,9508;2215535,5
4,9508;3084349,25
4,9508;3607366
4,9508;3607366
4,9508;3607366
4,9508;3607366
4,9508;3544684
4,9508;2929160,75
4,9508;2069141,125
4,9508;1083090,75
4,9508;246118,3906
4,9508;78754,25
4,9508;0
4,9508;0
4,9508;0
4,9508;0
4,9836;0
4,9836;0
4,9836;0
4,9836;0
4,9836;0
4,9836;87775,9531
4,9836;321309,4375
4,9836;1016087,438
4,9836;1963033,75
4,9836;2890071,5
4,9836;3392800,75
4,9836;3607366
4,9836;3607366
4,9836;3607366
4,9836;3607108,25
4,9836;2952071,25
4,9836;2080346,25
4,9836;1093841
4,9836;302796
4,9836;83272,6797
4,9836;0
4,9836;0
4,9836;0
4,9836;0
5;0
5;0
5;0
5;0
5;0
5;75221,375
5;301401,0313
5;860762,375
5;1136766,125
5;2363855,5
5;2977377,5
5;3607366
5;3607366
5;3607366
5;3408873,25
5;2200267
5;1681374,375
5;1084197,625
5;295806,0313
5;77541,2422
5;0
5;0
5;0
5;0
5,0328;0
5,0328;0
5,0328;0
5,0328;0
5,0328;0
5,0328;87942,7422
5,0328;284388,6563
5,0328;1086214,25
5,0328;1974572,5
5,0328;2967400,5
5,0328;3607366
5,0328;3607366
5,0328;3607366
5,0328;2853044,75
5,0328;2129533,5
5,0328;2289362
5,0328;1775245,625
5,0328;1244708,25
5,0328;284585,7813
5,0328;78966,5234
5,0328;0
5,0328;0
5,0328;0
5,0328;0
5,0656;0
5,0656;0
5,0656;0
5,0656;0
5,0656;0
5,0656;84834,4219
5,0656;259840,5
5,0656;1138464,375
5,0656;2214550
5,0656;3109655,5
5,0656;3607366
5,0656;3607366
5,0656;3607366
5,0656;3607366
5,0656;3607366
5,0656;3006883,75
5,0656;2137281,75
5,0656;1118950,125
5,0656;258642,6406
5,0656;83303,0078
5,0656;0
5,0656;0
5,0656;0
5,0656;0
5,0984;0
5,0984;0
5,0984;0
5,0984;0
5,0984;0
5,0984;93340,6172
5,0984;289619,7188
5,0984;1079800,5
5,0984;2020044,875
5,0984;2623529,25
5,0984;3151777
5,0984;2747104
5,0984;3607366
5,0984;3607366
5,0984;3607366
5,0984;3210774,5
5,0984;2524002,25
5,0984;1276140,25
5,0984;209349,2344
5,0984;86411,3281
5,0984;0
5,0984;0
5,0984;0
5,0984;0
5,1311;0
5,1311;0
5,1311;0
5,1311;0
5,1311;0
5,1311;85516,7422
5,1311;257732,9063
5,1311;1150473,125
5,1311;2256808
5,1311;3162663,75
5,1311;3607366
5,1311;3607366
5,1311;3607366
5,1311;3607366
5,1311;3607366
5,1311;3128259,75
5,1311;2220615
5,1311;1137387,875
5,1311;260007,2656
5,1311;84849,5938
5,1311;0
5,1311;0
5,1311;0
5,1311;0
5,1639;0
5,1639;0
5,1639;0
5,1639;0
5,1639;0
5,1639;85592,5469
5,1639;239022,3125
5,1639;1151170,5
5,1639;2265071,5
5,1639;3140678,25
5,1639;3607366
5,1639;3607366
5,1639;3607366
5,1639;3607366
5,1639;3607366
5,1639;3048960
5,1639;2156098,25
5,1639;1116751,625
5,1639;261280,9219
5,1639;85001,2109
5,1639;0
5,1639;0
5,1639;0
5,1639;0
5,1967;0
5,1967;0
5,1967;0
5,1967;0
5,1967;0
5,1967;79406,2344
5,1967;258779,1094
5,1967;1124590,625
5,1967;2161769,25
5,1967;3072659
5,1967;3607366
5,1967;3607366
5,1967;3607366
5,1967;3607366
5,1967;3607366
5,1967;3044305
5,1967;2188030,75
5,1967;1140572
5,1967;263888,875
5,1967;79451,7266
5,1967;0
5,1967;0
5,1967;0
5,1967;0
5,2295;0
5,2295;0
5,2295;0
5,2295;0
5,2295;0
5,2295;82256,7891
5,2295;239750,125
5,2295;1152216,75
5,2295;2308315,25
5,2295;3226543,5
5,2295;3607366
5,2295;3607366
5,2295;3607366
5,2295;3607366
5,2295;3607366
5,2295;3099936,25
5,2295;2202571,5
5,2295;1139525,75
5,2295;266451,375
5,2295;86942,0234
5,2295;0
5,2295;0
5,2295;0
5,2295;0
5,2623;0
5,2623;0
5,2623;0
5,2623;0
5,2623;0
5,2623;93719,6797
5,2623;363946,5
5,2623;970796,9375
5,2623;1835880,625
5,2623;2724405,75
5,2623;3077268,25
5,2623;3038695
5,2623;3229697,25
5,2623;3607366
5,2623;3103817,75
5,2623;2568686,25
5,2623;2124863,5
5,2623;1120815,125
5,2623;329300,0938
5,2623;97389,0078
5,2623;0
5,2623;0
5,2623;0
5,2623;0
5,2951;0
5,2951;0
5,2951;0
5,2951;0
5,2951;0
5,2951;86684,2578
5,2951;300961,3125
5,2951;1207544,875
5,2951;2230410
5,2951;2994117
5,2951;3548217
5,2951;1853999,875
5,2951;2109776,75
5,2951;2493328,5
5,2951;2140799,5
5,2951;1974329,875
5,2951;1480091,5
5,2951;997331,4375
5,2951;374287,3438
5,2951;95736,2969
5,2951;0
5,2951;0
5,2951;0
5,2951;0
5,3279;0
5,3279;0
5,3279;0
5,3279;0
5,3279;0
5,3279;86032,2656
5,3279;234473,5625
5,3279;354848,9688
5,3279;1049247,875
5,3279;1841172,375
5,3279;2736505,25
5,3279;3607366
5,3279;3607366
5,3279;3607366
5,3279;3608048,25
5,3279;2740417,25
5,3279;2198720,25
5,3279;1207999,75
5,3279;293546,8125
5,3279;91126,875
5,3279;0
5,3279;0
5,3279;0
5,3279;0
5,3607;0
5,3607;0
5,3607;0
5,3607;0
5,3607;0
5,3607;89413,5078
5,3607;340702,3438
5,3607;1045806,063
5,3607;1737354,5
5,3607;2660905
5,3607;3379442,5
5,3607;3607366
5,3607;3607366
5,3607;3455270,5
5,3607;3417136,75
5,3607;3204012
5,3607;2287239,25
5,3607;1176992,375
5,3607;317185,2188
5,3607;97874,2109
5,3607;0
5,3607;0
5,3607;0
5,3607;0
5,3934;0
5,3934;0
5,3934;0
5,3934;0
5,3934;0
5,3934;86092,9219
5,3934;242812,9531
5,3934;1116539,25
5,3934;2165590,25
5,3934;3030658,75
5,3934;3607366
5,3934;3607366
5,3934;3607366
5,3934;3607366
5,3934;3612612,25
5,3934;3025867,25
5,3934;2172413,25
5,3934;1153126,5
5,3934;271591,4688
5,3934;82302,2813
5,3934;0
5,3934;0
5,3934;0
5,3934;0
5,4262;0
5,4262;0
5,4262;0
5,4262;0
5,4262;0
5,4262;93477,0703
5,4262;347267,6875
5,4262;1039741
5,4262;2020985
5,4262;2709667,75
5,4262;3346130,75
5,4262;3321582,25
5,4262;3212048
5,4262;3346615,75
5,4262;3158479
5,4262;2477438,25
5,4262;1788437,125
5,4262;1077010,625
5,4262;330225,0313
5,4262;83833,6953
5,4262;0
5,4262;0
5,4262;0
5,4262;0
5,459;0
5,459;0
5,459;0
5,459;0
5,459;0
5,459;54494,1797
5,459;354272,8125
5,459;710683,5
5,459;1374484,5
5,459;1814380,125
5,459;1741145
5,459;1707848,125
5,459;2059361,25
5,459;2250303,25
5,459;1085349,875
5,459;927538,1875
5,459;491342,1875
5,459;347100,9375
5,459;58815,5039
5,459;48110,7461
5,459;0
5,459;0
5,459;0
5,459;0
5,4918;0
5,4918;0
5,4918;0
5,4918;0
5,4918;0
5,4918;48080,4219
5,4918;238916,1875
5,4918;131959,6094
5,4918;759946,625
5,4918;1430586
5,4918;1805343,25
5,4918;1216278,5
5,4918;1594265,5
5,4918;1361808,5
5,4918;745663,5
5,4918;1185164,875
5,4918;1166666,625
5,4918;616903,1875
5,4918;331695,7813
5,4918;56071,082
5,4918;0
5,4918;0
5,4918;0
5,4918;0
5,5246;0
5,5246;0
5,5246;0
5,5246;0
5,5246;0
5,5246;82438,7422
5,5246;342476,3438
5,5246;762630,4375
5,5246;1562454,625
5,5246;2524639,25
5,5246;2239886,5
5,5246;2769665,75
5,5246;2948765,75
5,5246;2772213
5,5246;2054024,125
5,5246;261644,8281
5,5246;394468,6875
5,5246;440502,1875
5,5246;161572,0469
5,5246;35829,0859
5,5246;0
5,5246;0
5,5246;0
5,5246;0
5,5574;0
5,5574;0
5,5574;0
5,5574;0
5,5574;0
5,5574;85016,375
5,5574;274381,375
5,5574;1025609,563
5,5574;1915711,375
5,5574;2682693,5
5,5574;3141163,25
5,5574;3607821
5,5574;3608457,5
5,5574;3608958
5,5574;3377774,75
5,5574;2772713,5
5,5574;2013343,125
5,5574;1120299,625
5,5574;317488,4688
5,5574;83864,0234
5,5574;0
5,5574;0
5,5574;0
5,5574;0
5,5902;0
5,5902;0
5,5902;0
5,5902;0
5,5902;0
5,5902;85486,4141
5,5902;286860,1563
5,5902;1115129,25
5,5902;2093310,25
5,5902;2896273
5,5902;3520393,5
5,5902;3607366
5,5902;3607366
5,5902;3607366
5,5902;3607366
5,5902;3171533,75
5,5902;2493358,75
5,5902;1315426,375
5,5902;270909,1563
5,5902;85956,4531
5,5902;0
5,5902;0
5,5902;0
5,5902;0
5,623;0
5,623;0
5,623;0
5,623;0
5,623;0
5,623;91475,6172
5,623;351770,9688
5,623;922959,125
5,623;1628502,625
5,623;2203178
5,623;2766269,5
5,623;3391739,25
5,623;3432117,25
5,623;3608184,75
5,623;3476240,25
5,623;3179661
5,623;2412739,5
5,623;1275715,75
5,623;309603,9375
5,623;100846,0625
5,623;0
5,623;0
5,623;0
5,623;0
5,6557;0
5,6557;0
5,6557;0
5,6557;0
5,6557;0
5,6557;78617,7813
5,6557;257308,3438
5,6557;1060817
5,6557;1997725,5
5,6557;2893968,25
5,6557;3392937,25
5,6557;3607366
5,6557;3607366
5,6557;3607366
5,6557;3425521,75
5,6557;2827071,25
5,6557;1967718,875
5,6557;1113112,625
5,6557;325570,0938
5,6557;90020,0156
5,6557;0
5,6557;0
5,6557;0
5,6557;0
5,6885;0
5,6885;0
5,6885;0
5,6885;0
5,6885;0
5,6885;84713,125
5,6885;217521,8438
5,6885;1228696,5
5,6885;2463625
5,6885;3469493
5,6885;3607366
5,6885;3607366
5,6885;3607366
5,6885;3607366
5,6885;3212336,25
5,6885;250773,2813
5,6885;195505,8281
5,6885;130382,6953
5,6885;65850,9219
5,6885;0
5,6885;0
5,6885;0
5,6885;0
5,6885;0
5,7213;0
5,7213;0
5,7213;0
5,7213;0
5,7213;0
5,7213;82408,4219
5,7213;249363,1719
5,7213;1061453,75
5,7213;2070157,125
5,7213;2917728,25
5,7213;3550051,5
5,7213;3607366
5,7213;3607366
5,7213;3607366
5,7213;3584455,25
5,7213;2934846,5
5,7213;2093370,875
5,7213;1122301,125
5,7213;326024,9688
5,7213;85622,8828
5,7213;0
5,7213;0
5,7213;0
5,7213;0
5,7541;0
5,7541;0
5,7541;0
5,7541;0
5,7541;0
5,7541;84182,4375
5,7541;358745,75
5,7541;874924,1875
5,7541;1114704,625
5,7541;1956468,375
5,7541;1989113,25
5,7541;3517831,25
5,7541;3607366
5,7541;3007232,5
5,7541;3204936,75
5,7541;2816321
5,7541;2127304,75
5,7541;1125075,875
5,7541;351028,0313
5,7541;112718,3438
5,7541;0
5,7541;0
5,7541;0
5,7541;0
5,7869;0
5,7869;0
5,7869;0
5,7869;0
5,7869;0
5,7869;84425,0391
5,7869;267406,5938
5,7869;992600,6875
5,7869;1860974,625
5,7869;2492525
5,7869;3089914
5,7869;3472859,25
5,7869;3609003,75
5,7869;3367449
5,7869;3339716,75
5,7869;2652429
5,7869;2049839,25
5,7869;1123150,125
5,7869;318110,1563
5,7869;89095,1016
5,7869;0
5,7869;0
5,7869;0
5,7869;0
5,8197;0
5,8197;0
5,8197;0
5,8197;0
5,8197;0
5,8197;89777,4141
5,8197;268528,625
5,8197;989295,25
5,8197;1893786,375
5,8197;2639192,25
5,8197;3321385,25
5,8197;3607942,25
5,8197;3608533,5
5,8197;3608958
5,8197;3534252
5,8197;2908403
5,8197;2033979,25
5,8197;1101255,375
5,8197;344477,8125
5,8197;88988,9609
5,8197;0
5,8197;0
5,8197;0
5,8197;0
5,8525;0
5,8525;0
5,8525;0
5,8525;0
5,8525;0
5,8525;81119,6016
5,8525;219796,2031
5,8525;1052037,875
5,8525;2109215,75
5,8525;2985959,5
5,8525;3572749,75
5,8525;3608867,25
5,8525;3609458,25
5,8525;3609882,75
5,8525;3592430,75
5,8525;3039149,5
5,8525;2193944
5,8525;1173186,625
5,8525;299824,125
5,8525;94690,0781
5,8525;0
5,8525;0
5,8525;0
5,8525;0
5,8852;0
5,8852;0
5,8852;0
5,8852;0
5,8852;0
5,8852;78344,8516
5,8852;242570,3594
5,8852;1010765,375
5,8852;2001956
5,8852;2782068,75
5,8852;3333818,75
5,8852;3609458,25
5,8852;3610004,25
5,8852;3610428,75
5,8852;3417349
5,8852;2794517,25
5,8852;2029188
5,8852;1116387,625
5,8852;321309,4375
5,8852;88973,7969
5,8852;0
5,8852;0
5,8852;0
5,8852;0
5,918;0
5,918;0
5,918;0
5,918;0
5,918;0
5,918;79618,5156
5,918;255519,1719
5,918;1037208,875
5,918;2097085,75
5,918;3017224,75
5,918;3560862,25
5,918;3609231
5,918;3609792
5,918;3610156
5,918;3499969,5
5,918;2922292
5,918;2138631,25
5,918;1169335,25
5,918;310362,0625
5,918;93856,1406
5,918;0
5,918;0
5,918;0
5,918;0
5,9508;0
5,9508;0
5,9508;0
5,9508;0
5,9508;0
5,9508;82772,3203
5,9508;237005,7031
5,9508;1009976,938
5,9508;2008233,25
5,9508;2834864,75
5,9508;3521530,75
5,9508;3608472,75
5,9508;3609003,75
5,9508;3609382,5
5,9508;3410510,75
5,9508;2771834
5,9508;1989841
5,9508;1092794,75
5,9508;348056,1563
5,9508;87033
5,9508;0
5,9508;0
5,9508;0
5,9508;0
6;0
6;0
6;0
6;0
6;0
6;83303,0078
6;252501,8125
6;1035055,813
6;2234412,75
6;3047625,5
6;3505109,75
6;3607366
6;3607366
6;3607366
6;3607366
6;3364598,5
6;2456453,25
6;1328496,5
6;323720,2813
6;110383,3125
6;0
6;0
6;0
6;0
6,0328;0
6,0328;0
6,0328;0
6,0328;0
6,0328;0
6,0328;78723,9219
6,0328;223010,6719
6,0328;1044668,875
6,0328;2083606,25
6,0328;2986172
6,0328;3607366
6,0328;3607366
6,0328;3607972,5
6,0328;3608382
6,0328;3441199,5
6,0328;2765511,25
6,0328;2012236,25
6,0328;1108548,625
6,0328;352771,7188
6,0328;87533,3594
6,0328;0
6,0328;0
6,0328;0
6,0328;0
6,0656;0
6,0656;0
6,0656;0
6,0656;0
6,0656;0
6,0656;81786,75
6,0656;207090,0156
6,0656;1137721,375
6,0656;1971721,875
6,0656;1043122,313
6,0656;2646894,75
6,0656;3607366
6,0656;3607366
6,0656;3607911,75
6,0656;3608306
6,0656;3344205
6,0656;2441487,75
6,0656;1318989,5
6,0656;313985,9375
6,0656;105152,2344
6,0656;0
6,0656;0
6,0656;0
6,0656;0
6,0984;0
6,0984;0
6,0984;0
6,0984;0
6,0984;0
6,0984;83318,1641
6,0984;181616,9375
6,0984;1056374,25
6,0984;2148517
6,0984;3056040,75
6,0984;3607366
6,0984;3607366
6,0984;3607366
6,0984;3607927
6,0984;3608139,5
6,0984;3134522
6,0984;2288118,75
6,0984;1234503,875
6,0984;294183,6563
6,0984;86001,9453
6,0984;0
6,0984;0
6,0984;0
6,0984;0
6,1311;0
6,1311;0
6,1311;0
6,1311;0
6,1311;0
6,1311;76722,4609
6,1311;274760,4375
6,1311;1195323,875
6,1311;1624969,625
6,1311;545684,75
6,1311;3607366
6,1311;3607366
6,1311;3607366
6,1311;3607366
6,1311;3607957,25
6,1311;3415408,25
6,1311;2498498,75
6,1311;1348405
6,1311;303341,8125
6,1311;97737,75
6,1311;0
6,1311;0
6,1311;0
6,1311;0
6,1639;0
6,1639;0
6,1639;0
6,1639;0
6,1639;0
6,1639;78663,2734
6,1639;229894,4844
6,1639;1029051,438
6,1639;2106926,25
6,1639;2986778,25
6,1639;3602984
6,1639;3607366
6,1639;3607366
6,1639;3607805,75
6,1639;3608017,75
6,1639;3017770,5
6,1639;2200676,25
6,1639;1208757,875
6,1639;315017
6,1639;86381,0078
6,1639;0
6,1639;0
6,1639;0
6,1639;0
6,1967;0
6,1967;0
6,1967;0
6,1967;0
6,1967;0
6,1967;78936,2031
6,1967;165013,9531
6,1967;1067746,25
6,1967;2221161
6,1967;3163983
6,1967;3607366
6,1967;3607366
6,1967;3607366
6,1967;3607366
6,1967;3607366
6,1967;3242676,5
6,1967;2373847,75
6,1967;1283281,75
6,1967;281037,7188
6,1967;90596,1953
6,1967;0
6,1967;0
6,1967;0
6,1967;0
6,2295;0
6,2295;0
6,2295;0
6,2295;0
6,2295;0
6,2295;76070,4688
6,2295;272774,125
6,2295;1025306,25
6,2295;1975830,875
6,2295;2787633,5
6,2295;3513328
6,2295;3607366
6,2295;3607366
6,2295;3607366
6,2295;3607896,5
6,2295;3474784,5
6,2295;2546109,25
6,2295;1382444,75
6,2295;304979,375
6,2295;88033,7188
6,2295;0
6,2295;0
6,2295;0
6,2295;0
6,2623;0
6,2623;0
6,2623;0
6,2623;0
6,2623;0
6,2623;75752,0625
6,2623;270681,7188
6,2623;975967,3125
6,2623;1937970,125
6,2623;2675309,25
6,2623;3254336,5
6,2623;3607366
6,2623;3608109
6,2623;3608518,25
6,2623;3334971
6,2623;2851543,5
6,2623;2119981,25
6,2623;1150260,875
6,2623;331574,4688
6,2623;88807,0078
6,2623;0
6,2623;0
6,2623;0
6,2623;0
6,2951;0
6,2951;0
6,2951;0
6,2951;0
6,2951;0
6,2951;73871,9063
6,2951;176537,4688
6,2951;1012857,875
6,2951;2123347,25
6,2951;3034631,25
6,2951;3607366
6,2951;3608351,5
6,2951;3608942,75
6,2951;3609367,5
6,2951;3609610
6,2951;3120860,75
6,2951;2297959,25
6,2951;1251865
6,2951;287891,1875
6,2951;87578,8438
6,2951;0
6,2951;0
6,2951;0
6,2951;0
6,3279;0
6,3279;0
6,3279;0
6,3279;0
6,3279;0
6,3279;74220,6484
6,3279;222085,75
6,3279;962017,8125
6,3279;2015556,75
6,3279;2818004
6,3279;3488491,75
6,3279;3608033
6,3279;3608564
6,3279;3608927,75
6,3279;3023001,5
6,3279;2380928,5
6,3279;1709212,75
6,3279;1042091,188
6,3279;400973,4375
6,3279;87866,9297
6,3279;0
6,3279;0
6,3279;0
6,3279;0
6,3607;0
6,3607;0
6,3607;0
6,3607;0
6,3607;0
6,3607;71324,6016
6,3607;262615,25
6,3607;965338,375
6,3607;1912542,5
6,3607;2817534
6,3607;3385522,75
6,3607;3607366
6,3607;3608033
6,3607;3608366,75
6,3607;3352559,5
6,3607;2869935,75
6,3607;2065153,375
6,3607;1156644,25
6,3607;331256,0625
6,3607;96024,3828
6,3607;0
6,3607;0
6,3607;0
6,3607;0
6,3934;0
6,3934;0
6,3934;0
6,3934;0
6,3934;0
6,3934;72325,3281
6,3934;225012,125
6,3934;974830,1875
6,3934;2009218,875
6,3934;2907917,75
6,3934;3491205,75
6,3934;3607532,75
6,3934;3608321,25
6,3934;3608730,5
6,3934;3605197,75
6,3934;2988279,25
6,3934;2180676,75
6,3934;1196445,875
6,3934;341687,9063
6,3934;87048,1563
6,3934;0
6,3934;0
6,3934;0
6,3934;0
6,4262;0
6,4262;0
6,4262;0
6,4262;0
6,4262;0
6,4262;71188,1328
6,4262;182951,2344
6,4262;991160,1875
6,4262;2063637,125
6,4262;2955452,5
6,4262;3544714,25
6,4262;3608109
6,4262;3608624,5
6,4262;3608988,5
6,4262;3489719,75
6,4262;2877031,75
6,4262;2111338,5
6,4262;1192640,125
6,4262;316184,5
6,4262;86669,0938
6,4262;0
6,4262;0
6,4262;0
6,4262;0
6,459;0
6,459;0
6,459;0
6,459;0
6,459;0
6,459;66684,8594
6,459;220994,0625
6,459;864219,4375
6,459;1738491,625
6,459;2149017,5
6,459;2791651,5
6,459;3421897,75
6,459;3158099,75
6,459;3610974,75
6,459;3409889
6,459;2673323
6,459;1777762,625
6,459;1080528,25
6,459;317564,2813
6,459;88352,1328
6,459;0
6,459;0
6,459;0
6,459;0
6,4918;0
6,4918;0
6,4918;0
6,4918;0
6,4918;0
6,4918;66411,9375
6,4918;167318,6563
6,4918;991266,375
6,4918;2089656,125
6,4918;3024806
6,4918;3609018,5
6,4918;3609716,25
6,4918;3610262
6,4918;3610656,25
6,4918;3610883,75
6,4918;3122270,75
6,4918;2257778,25
6,4918;1220054
6,4918;290938,8438
6,4918;84000,4844
6,4918;0
6,4918;0
6,4918;0
6,4918;0
6,5246;0
6,5246;0
6,5246;0
6,5246;0
6,5246;0
6,5246;65608,3203
6,5246;210168
6,5246;957863,3125
6,5246;2018968,375
6,5246;2921170
6,5246;3582408,25
6,5246;3608806,5
6,5246;3609352,25
6,5246;3609776,75
6,5246;3590596,25
6,5246;3014677,5
6,5246;2195020,5
6,5246;1204588,25
6,5246;311241,5313
6,5246;80952,8203
6,5246;0
6,5246;0
6,5246;0
6,5246;0
6,5574;0
6,5574;0
6,5574;0
6,5574;0
6,5574;0
6,5574;59058,1055
6,5574;223056,1719
6,5574;913907,0625
6,5574;1946021,375
6,5574;2843689,25
6,5574;3500090,75
6,5574;3609125
6,5574;3609731,5
6,5574;3610171
6,5574;3561651
6,5574;2875758,25
6,5574;2147395
6,5574;1179282
6,5574;312939,7188
6,5574;83287,8438
6,5574;0
6,5574;0
6,5574;0
6,5574;0
6,5902;0
6,5902;0
6,5902;0
6,5902;0
6,5902;0
6,5902;61287
6,5902;215823,6406
6,5902;899381,375
6,5902;2167879,75
6,5902;2886493,25
6,5902;3366872,75
6,5902;2293349,5
6,5902;2867085,25
6,5902;3609033,75
6,5902;3149047,75
6,5902;3122316,25
6,5902;2414149,5
6,5902;1215141,375
6,5902;351179,625
6,5902;92718,9453
6,5902;0
6,5902;0
6,5902;0
6,5902;0
6,623;0
6,623;0
6,623;0
6,623;0
6,623;0
6,623;53190,1992
6,623;222950,0313
6,623;944853,875
6,623;1940805,375
6,623;2839762,25
6,623;3482168,75
6,623;3608290,75
6,623;3608852
6,623;3609276,5
6,623;3586760
6,623;3058406
6,623;2182132,5
6,623;1156492,625
6,623;315608,3125
6,623;79542,6953
6,623;0
6,623;0
6,623;0
6,623;0
6,6557;0
6,6557;0
6,6557;0
6,6557;0
6,6557;0
6,6557;46230,5898
6,6557;271773,4063
6,6557;840899,4375
6,6557;1849238,875
6,6557;2412072,5
6,6557;2926386
6,6557;3537982
6,6557;3609246,25
6,6557;3609685,75
6,6557;3558027
6,6557;2878775,5
6,6557;2020666,5
6,6557;1042591,563
6,6557;382884,5313
6,6557;92643,1328
6,6557;0
6,6557;0
6,6557;0
6,6557;0
6,6885;0
6,6885;0
6,6885;0
6,6885;0
6,6885;0
6,6885;38800,9492
6,6885;194808,3438
6,6885;702480,625
6,6885;1662254,375
6,6885;2434634,25
6,6885;3581453,25
6,6885;3608412,25
6,6885;2673868,75
6,6885;3339853,25
6,6885;2821082
6,6885;2373938,5
6,6885;1874302,625
6,6885;1170366,375
6,6885;315502,1875
6,6885;82150,6563
6,6885;0
6,6885;0
6,6885;0
6,6885;0
6,7213;0
6,7213;0
6,7213;0
6,7213;0
6,7213;0
6,7213;30006,6719
6,7213;239992,7344
6,7213;621891,6875
6,7213;1377395,75
6,7213;2033418,25
6,7213;2026989,375
6,7213;2394393
6,7213;3157068,75
6,7213;2423444,25
6,7213;2139904,75
6,7213;1817761,375
6,7213;757823,875
6,7213;120238,9609
6,7213;56586,6094
6,7213;31932,3145
6,7213;0
6,7213;0
6,7213;0
6,7213;0
6,7541;0
6,7541;0
6,7541;0
6,7541;0
6,7541;0
6,7541;41939,5898
6,7541;176598,1406
6,7541;966475,625
6,7541;2071309,375
6,7541;2716794,25
6,7541;3273835,5
6,7541;3500530,5
6,7541;3564380,25
6,7541;3509385,5
6,7541;3033221
6,7541;2737475,75
6,7541;1952632,25
6,7541;1099163
6,7541;379412,3125
6,7541;89095,1016
6,7541;0
6,7541;0
6,7541;0
6,7541;0
6,7869;0
6,7869;0
6,7869;0
6,7869;0
6,7869;0
6,7869;40135,2461
6,7869;188151,9844
6,7869;888176,25
6,7869;1862460,5
6,7869;2850376
6,7869;3422064,5
6,7869;3608836,75
6,7869;3609367,5
6,7869;3609701
6,7869;3380185,5
6,7869;2741039
6,7869;2004260,625
6,7869;1126091,75
6,7869;312333,2188
6,7869;89019,2813
6,7869;0
6,7869;0
6,7869;0
6,7869;0
6,8197;0
6,8197;0
6,8197;0
6,8197;0
6,8197;0
6,8197;36875,3047
6,8197;194929,6406
6,8197;885007,25
6,8197;1868267,875
6,8197;2812651,75
6,8197;3434406,75
6,8197;3607836
6,8197;3608321,25
6,8197;3608670
6,8197;3553660,25
6,8197;2865372
6,8197;2057087
6,8197;1098708,125
6,8197;323174,4375
6,8197;86593,2813
6,8197;0
6,8197;0
6,8197;0
6,8197;0
6,8525;0
6,8525;0
6,8525;0
6,8525;0
6,8525;0
6,8525;36951,1172
6,8525;206968,7031
6,8525;910829,0625
6,8525;1726255,375
6,8525;2700873,5
6,8525;2923656,75
6,8525;2941457,5
6,8525;3447749,75
6,8525;3608639,5
6,8525;3608988,5
6,8525;3023047,25
6,8525;2325433,75
6,8525;1265450,625
6,8525;326965,0625
6,8525;75069,75
6,8525;0
6,8525;0
6,8525;0
6,8525;0
6,8852;0
6,8852;0
6,8852;0
6,8852;0
6,8852;0
6,8852;38103,4688
6,8852;191305,7969
6,8852;947386
6,8852;2087305,875
6,8852;3036071,75
6,8852;3607366
6,8852;3607366
6,8852;3607987,75
6,8852;3608321,25
6,8852;3608457,5
6,8852;3066017,75
6,8852;2217764,5
6,8852;1181086,25
6,8852;295988
6,8852;80922,4844
6,8852;0
6,8852;0
6,8852;0
6,8852;0
6,918;0
6,918;0
6,918;0
6,918;0
6,918;0
6,918;0
6,918;105030,9297
6,918;306965,6563
6,918;549263,125
6,918;865523,4375
6,918;704042,375
6,918;693019,125
6,918;2021894,625
6,918;2077147,125
6,918;2502410,75
6,918;2511948
6,918;2351346,25
6,918;1057814,75
6,918;330786,0313
6,918;74129,6719
6,918;0
6,918;0
6,918;0
6,918;0
6,9508;0
6,9508;0
6,9508;0
6,9508;0
6,9508;0
6,9508;32584,3027
6,9508;229879,2969
6,9508;998756,625
6,9508;2159358,25
6,9508;3179039,25
6,9508;3607366
6,9508;2171518,75
6,9508;2370633,25
6,9508;2226437,5
6,9508;1901322,125
6,9508;1477453,375
6,9508;1006610,875
6,9508;596828
6,9508;255215,9063
6,9508;42561,2539
6,9508;0
6,9508;0
6,9508;0
6,9508;0
6,9836;0
6,9836;0
6,9836;0
6,9836;0
6,9836;0
6,9836;27671,6406
6,9836;205209,8438
6,9836;893240,5625
6,9836;1955331,25
6,9836;3146925
6,9836;3607366
6,9836;2236293
6,9836;2428539
6,9836;2421185,25
6,9836;2330679,75
6,9836;1660389,375
6,9836;1206256,125
6,9836;650063,6875
6,9836;309922,375
6,9836;51037,1172
6,9836;0
6,9836;0
6,9836;0
6,9836;0
7;0
7;0
7;0
7;0
7;0
7;0
7;242873,6094
7;828784,5625
7;1739340,625
7;2574857,5
7;3305601,25
7;3606031,75
7;3610337,75
7;3575115,25
7;3406917
7;2850376
7;2109776,75
7;1183163,5
7;331377,375
7;73492,8438
7;0
7;0
7;0
7;0
7,0328;0
7,0328;0
7,0328;0
7,0328;0
7,0328;0
7,0328;0
7,0328;187181,5781
7,0328;895317,8125
7,0328;1881140,875
7,0328;2810801,75
7,0328;3346540
7,0328;3609337
7,0328;3609776,75
7,0328;3612945,75
7,0328;3381489,5
7,0328;2828435,75
7,0328;2010992,875
7,0328;1065062,5
7,0328;285343,9063
7,0328;71370,0859
7,0328;0
7,0328;0
7,0328;0
7,0328;0
7,0656;0
7,0656;0
7,0656;0
7,0656;0
7,0656;0
7,0656;0
7,0656;229621,5469
7,0656;935544
7,0656;2084425
7,0656;3079042,5
7,0656;3155810,25
7,0656;1940714,5
7,0656;2045411,75
7,0656;2082863,25
7,0656;2212108,75
7,0656;1963898
7,0656;1353332,75
7,0656;810316,5625
7,0656;285904,9063
7,0656;40832,7266
7,0656;0
7,0656;0
7,0656;0
7,0656;0
7,0984;0
7,0984;0
7,0984;0
7,0984;0
7,0984;0
7,0984;0
7,0984;198432,1875
7,0984;899578,4375
7,0984;1963670,5
7,0984;2454785,5
7,0984;3569141,25
7,0984;2675354,75
7,0984;3407235,5
7,0984;3520439,25
7,0984;2358988,5
7,0984;1576692,125
7,0984;1249878,75
7,0984;637782,0625
7,0984;300658,0625
7,0984;47989,4453
7,0984;0
7,0984;0
7,0984;0
7,0984;0
7,1311;0
7,1311;0
7,1311;0
7,1311;0
7,1311;0
7,1311;0
7,1311;152747,4531
7,1311;943428,5625
7,1311;2069990,25
7,1311;2733821,5
7,1311;2844477,75
7,1311;3608897,25
7,1311;3174718
7,1311;3609519
7,1311;2828451
7,1311;1201040,125
7,1311;730637,4375
7,1311;233578,9688
7,1311;41272,4375
7,1311;0
7,1311;0
7,1311;0
7,1311;0
7,1311;0
7,1639;0
7,1639;0
7,1639;0
7,1639;0
7,1639;0
7,1639;0
7,1639;172883,2969
7,1639;818519,5625
7,1639;1761341,5
7,1639;1993510,5
7,1639;2739901,75
7,1639;3387372,5
7,1639;3607366
7,1639;3607972,5
7,1639;3574599,5
7,1639;2997316,25
7,1639;2344599
7,1639;1295184,375
7,1639;278353,9375
7,1639;68944,0781
7,1639;0
7,1639;0
7,1639;0
7,1639;0
7,1967;0
7,1967;0
7,1967;0
7,1967;0
7,1967;0
7,1967;0
7,1967;172731,6719
7,1967;907114,25
7,1967;2007930
7,1967;2975724,75
7,1967;3607972,5
7,1967;3608745,75
7,1967;3609337
7,1967;3609746,25
7,1967;3511190
7,1967;2951070,5
7,1967;2104379
7,1967;1094887,25
7,1967;256398,5938
7,1967;56677,5859
7,1967;0
7,1967;0
7,1967;0
7,1967;0
7,2295;0
7,2295;0
7,2295;0
7,2295;0
7,2295;0
7,2295;0
7,2295;129867,1719
7,2295;1044911,438
7,2295;1397046,25
7,2295;2577025,75
7,2295;2909737,5
7,2295;3321279
7,2295;3608397
7,2295;3608973,25
7,2295;3609397,75
7,2295;3504215,25
7,2295;2547064,5
7,2295;1324220,625
7,2295;232911,8125
7,2295;64653,082
7,2295;0
7,2295;0
7,2295;0
7,2295;0
7,2623;0
7,2623;0
7,2623;0
7,2623;0
7,2623;0
7,2623;0
7,2623;129715,5469
7,2623;919168,5
7,2623;2076388,875
7,2623;3042424,75
7,2623;3607972,5
7,2623;3608730,5
7,2623;3609337
7,2623;3609731,5
7,2623;3609943,5
7,2623;3201116
7,2623;2318504,25
7,2623;1207924
7,2623;220948,5781
7,2623;51810,4102
7,2623;0
7,2623;0
7,2623;0
7,2623;0
7,2951;0
7,2951;0
7,2951;0
7,2951;0
7,2951;0
7,2951;0
7,2951;152747,4531
7,2951;826252,4375
7,2951;1775473,125
7,2951;2560771,5
7,2951;3283736,75
7,2951;3608973,25
7,2951;3609534,25
7,2951;3609928,5
7,2951;3363279,25
7,2951;2905537,5
7,2951;2150852,25
7,2951;1112309
7,2951;233700,2656
7,2951;46624,8203
7,2951;0
7,2951;0
7,2951;0
7,2951;0
7,3279;0
7,3279;0
7,3279;0
7,3279;0
7,3279;0
7,3279;0
7,3279;127198,5703
7,3279;933557,75
7,3279;2111611,5
7,3279;2541045
7,3279;3119010,75
7,3279;3607366
7,3279;3607366
7,3279;3607366
7,3279;3604318,25
7,3279;3479288
7,3279;2564365
7,3279;1317988,875
7,3279;223116,8125
7,3279;60164,9688
7,3279;0
7,3279;0
7,3279;0
7,3279;0
7,3607;0
7,3607;0
7,3607;0
7,3607;0
7,3607;0
7,3607;0
7,3607;125257,7656
7,3607;947567,9375
7,3607;2160328,75
7,3607;3177690
7,3607;3607366
7,3607;3607366
7,3607;3607366
7,3607;3607942,25
7,3607;3608139,5
7,3607;3239719,75
7,3607;2334728,25
7,3607;1190957
7,3607;216915,3281
7,3607;40332,3633
7,3607;0
7,3607;0
7,3607;0
7,3607;0
7,3934;0
7,3934;0
7,3934;0
7,3934;0
7,3934;0
7,3934;0
7,3934;137584,9063
7,3934;904385,0625
7,3934;2088716,125
7,3934;3083318,25
7,3934;3607366
7,3934;2516815,25
7,3934;2643922,75
7,3934;2352529
7,3934;2125166,75
7,3934;1827571,625
7,3934;1407933,125
7,3934;858776,125
7,3934;275912,7813
7,3934;27686,8008
7,3934;0
7,3934;0
7,3934;0
7,3934;0
7,4262;0
7,4262;0
7,4262;0
7,4262;0
7,4262;0
7,4262;0
7,4262;121315,5
7,4262;948705,125
7,4262;2177401,75
7,4262;3197825,75
7,4262;3607366
7,4262;3607608,5
7,4262;3608442,5
7,4262;3608912,5
7,4262;3609155,25
7,4262;3324053,75
7,4262;2385295,5
7,4262;1210698,625
7,4262;196309,4375
7,4262;33342,4297
7,4262;0
7,4262;0
7,4262;0
7,4262;0
7,459;0
7,459;0
7,459;0
7,459;0
7,459;0
7,459;0
7,459;122210,0938
7,459;924945,4375
7,459;2121270
7,459;3106820,25
7,459;3607366
7,459;3607942,25
7,459;3608518,25
7,459;3608912,5
7,459;3609094,5
7,459;3194065,5
7,459;2279172,75
7,459;1147774,125
7,459;202859,6563
7,459;28869,4805
7,459;0
7,459;0
7,459;0
7,459;0
7,4918;0
7,4918;0
7,4918;0
7,4918;0
7,4918;0
7,4918;0
7,4918;165408,1719
7,4918;596054,6875
7,4918;1491402,875
7,4918;2262372,75
7,4918;3134598
7,4918;3607881,5
7,4918;3608624,5
7,4918;3609246,25
7,4918;3609549,5
7,4918;3176037
7,4918;2296594,5
7,4918;1150503,375
7,4918;234973,9219
7,4918;32190,0762
7,4918;0
7,4918;0
7,4918;0
7,4918;0
7,5246;0
7,5246;0
7,5246;0
7,5246;0
7,5246;0
7,5246;0
7,5246;0
7,5246;931101,4375
7,5246;2061575,125
7,5246;3079982,25
7,5246;3607366
7,5246;3607654
7,5246;3608336,25
7,5246;3608730,5
7,5246;3608927,75
7,5246;3134067
7,5246;742464,1875
7,5246;81862,5625
7,5246;29081,7559
7,5246;0
7,5246;0
7,5246;0
7,5246;0
7,5246;0
7,5574;0
7,5574;0
7,5574;0
7,5574;0
7,5574;0
7,5574;0
7,5574;157584,2969
7,5574;822643,75
7,5574;1845326,875
7,5574;2613476,5
7,5574;3356213,75
7,5574;3607366
7,5574;3608063,5
7,5574;3608397
7,5574;3423125,75
7,5574;2793001
7,5574;2049232,75
7,5574;1011144,5
7,5574;221403,4531
7,5574;0
7,5574;0
7,5574;0
7,5574;0
7,5574;0
7,5902;0
7,5902;0
7,5902;0
7,5902;0
7,5902;0
7,5902;0
7,5902;137630,3906
7,5902;650700,5
7,5902;1450206,125
7,5902;1975376
7,5902;3052371,5
7,5902;3238431
7,5902;3607366
7,5902;3607366
7,5902;3607366
7,5902;3091005,5
7,5902;2145090,25
7,5902;1059679,75
7,5902;254670,0781
7,5902;0
7,5902;0
7,5902;0
7,5902;0
7,5902;0
7,623;0
7,623;0
7,623;0
7,623;0
7,623;0
7,623;0
7,623;161556,8906
7,623;734018,6875
7,623;1717279,25
7,623;3023956,75
7,623;3182056,75
7,623;3331589,75
7,623;3111156,75
7,623;2988552,25
7,623;3378699,5
7,623;2323932,5
7,623;1361884,375
7,623;838579,5625
7,623;209864,75
7,623;0
7,623;0
7,623;0
7,623;0
7,623;0
7,6557;0
7,6557;0
7,6557;0
7,6557;0
7,6557;0
7,6557;0
7,6557;155598,0156
7,6557;606122,625
7,6557;1628260
7,6557;2966915,5
7,6557;2837654,5
7,6557;3112642,5
7,6557;3101907,5
7,6557;3607366
7,6557;3262569,75
7,6557;2495375,5
7,6557;1938561,375
7,6557;1072310,125
7,6557;222282,875
7,6557;0
7,6557;0
7,6557;0
7,6557;0
7,6557;0
7,6885;0
7,6885;0
7,6885;0
7,6885;0
7,6885;0
7,6885;0
7,6885;147137,3125
7,6885;722889,375
7,6885;1210365,125
7,6885;1312136,125
7,6885;2703769,5
7,6885;2759537,25
7,6885;3375485,25
7,6885;3607366
7,6885;3607805,75
7,6885;2501713,25
7,6885;1783767
7,6885;1058102,875
7,6885;228438,8594
7,6885;0
7,6885;0
7,6885;0
7,6885;0
7,6885;0
7,7213;0
7,7213;0
7,7213;0
7,7213;0
7,7213;0
7,7213;0
7,7213;114492,3594
7,7213;796973,5625
7,7213;1824084,25
7,7213;2697567,75
7,7213;3551825,75
7,7213;3607366
7,7213;3607366
7,7213;3608033
7,7213;3599784,5
7,7213;2996831
7,7213;2054054,5
7,7213;967673,5
7,7213;187227,0781
7,7213;0
7,7213;0
7,7213;0
7,7213;0
7,7213;0
7,7541;0
7,7541;0
7,7541;0
7,7541;0
7,7541;0
7,7541;0
7,7541;116539,2969
7,7541;881156
7,7541;2042910
7,7541;3051067,5
7,7541;3607366
7,7541;3607366
7,7541;3607426,5
7,7541;3608124,25
7,7541;3608306
7,7541;3111065,5
7,7541;2181738,25
7,7541;1035783,625
7,7541;158827,6406
7,7541;0
7,7541;0
7,7541;0
7,7541;0
7,7541;0
7,7869;0
7,7869;0
7,7869;0
7,7869;0
7,7869;0
7,7869;0
7,7869;114234,5938
7,7869;804751,9375
7,7869;1927720,125
7,7869;2872164,75
7,7869;3602923,5
7,7869;3607927
7,7869;3608488
7,7869;3608852
7,7869;3471418,75
7,7869;2722070,5
7,7869;1887448,5
7,7869;917318,6875
7,7869;172094,8594
7,7869;0
7,7869;0
7,7869;0
7,7869;0
7,7869;0
7,8197;0
7,8197;0
7,8197;0
7,8197;0
7,8197;0
7,8197;0
7,8197;124545,125
7,8197;523410,9375
7,8197;1215550,625
7,8197;1684118,75
7,8197;2205786
7,8197;2567928
7,8197;2754382
7,8197;2520196,5
7,8197;1851619,375
7,8197;1088488,625
7,8197;455391,8125
7,8197;80528,2578
7,8197;0
7,8197;0
7,8197;0
7,8197;0
7,8197;0
7,8197;0
7,8525;0
7,8525;0
7,8525;0
7,8525;0
7,8525;0
7,8525;0
7,8525;105773,8984
7,8525;711835,875
7,8525;1309967,875
7,8525;2437560,75
7,8525;2305222
7,8525;3062212
7,8525;3608503,25
7,8525;3609079,25
7,8525;2901625,5
7,8525;2646500,5
7,8525;1753093,125
7,8525;745739,3125
7,8525;172276,8125
7,8525;0
7,8525;0
7,8525;0
7,8525;0
7,8525;0
7,8852;0
7,8852;0
7,8852;0
7,8852;0
7,8852;0
7,8852;0
7,8852;106713,9766
7,8852;964155,75
7,8852;2229181,75
7,8852;3280628,25
7,8852;3607366
7,8852;3607366
7,8852;3608124,25
7,8852;3608503,25
7,8852;3608670
7,8852;3270863,75
7,8852;2268877,25
7,8852;1057117,25
7,8852;152201,6094
7,8852;0
7,8852;0
7,8852;0
7,8852;0
7,8852;0
7,918;0
7,918;0
7,918;0
7,918;0
7,918;0
7,918;0
7,918;104894,4688
7,918;924065,9375
7,918;2146318,5
7,918;3140890,25
7,918;3607366
7,918;3608230,25
7,918;3608836,75
7,918;3609231
7,918;3609443,25
7,918;3126425,25
7,918;2155431,25
7,918;992494,5625
7,918;138191,4063
7,918;0
7,918;0
7,918;0
7,918;0
7,918;0
7,9508;0
7,9508;0
7,9508;0
7,9508;0
7,9508;0
7,9508;0
7,9508;114674,3125
7,9508;768392,125
7,9508;1935301,375
7,9508;2952420
7,9508;3607987,75
7,9508;2632445
7,9508;3094341,25
7,9508;1343583,125
7,9508;2686302
7,9508;3161875,25
7,9508;1654127,25
7,9508;698583,875
7,9508;110443,9609
7,9508;0
7,9508;0
7,9508;0
7,9508;0
7,9508;0
7,9836;0
7,9836;0
7,9836;0
7,9836;0
7,9836;0
7,9836;0
7,9836;112127
7,9836;817715,9375
7,9836;1906811
7,9836;2850072,75
7,9836;3536132,25
7,9836;3607366
7,9836;3607366
7,9836;3607366
7,9836;3333439,5
7,9836;2735580,5
7,9836;1848238,125
7,9836;889146,6875
7,9836;130989,2031
7,9836;0
7,9836;0
7,9836;0
7,9836;0
7,9836;0
8;0
8;0
8;0
8;0
8;0
8;0
8;111035,2969
8;628851,3125
8;1343704,625
8;2116448,25
8;2900882,5
8;3314319,5
8;3314077
8;3607366
8;3381155,75
8;2895924,25
8;2079254,5
8;973359,4375
8;116615,1172
8;0
8;0
8;0
8;0
8;0
8,0328;0
8,0328;0
8,0328;0
8,0328;0
8,0328;0
8,0328;0
8,0328;105212,8828
8,0328;940244,4375
8,0328;2203754,25
8,0328;3235974,75
8,0328;3607366
8,0328;3607366
8,0328;3607366
8,0328;3607578
8,0328;3607972,5
8,0328;3125606,5
8,0328;2146015,25
8,0328;952632,25
8,0328;112657,6875
8,0328;0
8,0328;0
8,0328;0
8,0328;0
8,0328;0
8,0656;0
8,0656;0
8,0656;0
8,0656;0
8,0656;0
8,0656;0
8,0656;105167,3984
8,0656;901731,5625
8,0656;2142543
8,0656;3138358,25
8,0656;3607366
8,0656;3607366
8,0656;3607366
8,0656;3607896,5
8,0656;3608124,25
8,0656;3055646,5
8,0656;2058527,375
8,0656;909282,5
8,0656;110944,3203
8,0656;0
8,0656;0
8,0656;0
8,0656;0
8,0656;0
8,0984;0
8,0984;0
8,0984;0
8,0984;0
8,0984;0
8,0984;0
8,0984;100497,3359
8,0984;779885,375
8,0984;2126228,25
8,0984;3391724,25
8,0984;3302993,25
8,0984;3267876,5
8,0984;3136553,75
8,0984;3607957,25
8,0984;3024305,5
8,0984;3242236,75
8,0984;2382111,25
8,0984;1055752,75
8,0984;108169,5781
8,0984;0
8,0984;0
8,0984;0
8,0984;0
8,0984;0
8,1311;0
8,1311;0
8,1311;0
8,1311;0
8,1311;0
8,1311;0
8,1311;104196,9922
8,1311;779991,5
8,1311;1849329,875
8,1311;2869162,25
8,1311;3552477,5
8,1311;3607366
8,1311;3607366
8,1311;3607366
8,1311;3520363,25
8,1311;2870557,5
8,1311;1909904,125
8,1311;813985,9375
8,1311;102241,0234
8,1311;0
8,1311;0
8,1311;0
8,1311;0
8,1311;0
8,1639;0
8,1639;0
8,1639;0
8,1639;0
8,1639;0
8,1639;0
8,1639;106365,2344
8,1639;721934,125
8,1639;1384325
8,1639;1857244,625
8,1639;3607366
8,1639;3607366
8,1639;3608124,25
8,1639;3608579
8,1639;1935801,75
8,1639;1024942,375
8,1639;538255,125
8,1639;244935,7031
8,1639;77116,6875
8,1639;0
8,1639;0
8,1639;0
8,1639;0
8,1639;0
8,1967;0
8,1967;0
8,1967;0
8,1967;0
8,1967;0
8,1967;0
8,1967;101740,6641
8,1967;825721,6875
8,1967;1957787,5
8,1967;2938258,25
8,1967;3607366
8,1967;3608063,5
8,1967;3608745,75
8,1967;3609185,5
8,1967;3597874
8,1967;2867418,5
8,1967;1871922,125
8,1967;767800,8125
8,1967;100557,9766
8,1967;0
8,1967;0
8,1967;0
8,1967;0
8,1967;0
8,2295;0
8,2295;0
8,2295;0
8,2295;0
8,2295;0
8,2295;0
8,2295;105379,6719
8,2295;625272,875
8,2295;1406431,875
8,2295;2498817,25
8,2295;3257535,75
8,2295;3608154,25
8,2295;3608791,25
8,2295;3609261,25
8,2295;3263525
8,2295;2446537
8,2295;1529733,75
8,2295;783054,3125
8,2295;100451,8438
8,2295;0
8,2295;0
8,2295;0
8,2295;0
8,2295;0
8,2623;0
8,2623;0
8,2623;0
8,2623;0
8,2623;0
8,2623;0
8,2623;102286,5156
8,2623;792803,875
8,2623;2005185,5
8,2623;3081301,5
8,2623;3607366
8,2623;3485034,5
8,2623;2661481
8,2623;3471615,75
8,2623;1479561
8,2623;1382171,875
8,2623;745314,8125
8,2623;441593,9063
8,2623;64198,207
8,2623;0
8,2623;0
8,2623;0
8,2623;0
8,2623;0
8,2951;0
8,2951;0
8,2951;0
8,2951;0
8,2951;0
8,2951;0
8,2951;84788,9375
8,2951;395317,8125
8,2951;1542349
8,2951;1884673,625
8,2951;2782887,75
8,2951;2925021,25
8,2951;3253032,5
8,2951;3607821
8,2951;3084152
8,2951;2516694
8,2951;1870178,375
8,2951;659494,75
8,2951;93173,8203
8,2951;0
8,2951;0
8,2951;0
8,2951;0
8,2951;0
8,3279;0
8,3279;0
8,3279;0
8,3279;0
8,3279;0
8,3279;0
8,3279;98859,7813
8,3279;314637,9375
8,3279;1156492,625
8,3279;2359231
8,3279;2882869,5
8,3279;3607366
8,3279;3607366
8,3279;3607366
8,3279;2709440
8,3279;1616220,875
8,3279;1182405,375
8,3279;378502,5313
8,3279;85880,6406
8,3279;0
8,3279;0
8,3279;0
8,3279;0
8,3279;0
8,3607;0
8,3607;0
8,3607;0
8,3607;0
8,3607;0
8,3607;0
8,3607;95326,9063
8,3607;974390,4375
8,3607;1880670,875
8,3607;1801795,25
8,3607;2993722,5
8,3607;2379791,5
8,3607;1654051,375
8,3607;280931,5938
8,3607;247937,8906
8,3607;588973,8125
8,3607;617191,3125
8,3607;318959,25
8,3607;55388,7695
8,3607;0
8,3607;0
8,3607;0
8,3607;0
8,3607;0
8,3934;0
8,3934;0
8,3934;0
8,3934;0
8,3934;0
8,3934;0
8,3934;100830,9063
8,3934;521273,0625
8,3934;1330088,625
8,3934;1923580,75
8,3934;3524790,75
8,3934;3607366
8,3934;3607366
8,3934;3607366
8,3934;2555980
8,3934;954542,6875
8,3934;511766,125
8,3934;153642,0313
8,3934;33251,457
8,3934;0
8,3934;0
8,3934;0
8,3934;0
8,3934;0
8,4262;0
8,4262;0
8,4262;0
8,4262;0
8,4262;0
8,4262;0
8,4262;91885,0078
8,4262;827632,25
8,4262;2024123,625
8,4262;3393953,25
8,4262;2634886
8,4262;2137342,25
8,4262;2435331,75
8,4262;1309937,5
8,4262;677492,75
8,4262;614189,125
8,4262;987248,3125
8,4262;681146,9375
8,4262;47246,4844
8,4262;0
8,4262;0
8,4262;0
8,4262;0
8,4262;0
8,459;0
8,459;0
8,459;0
8,459;0
8,459;0
8,459;0
8,459;56510,793
8,459;45851,5313
8,459;417925,1563
8,459;1576555,75
8,459;1518983,5
8,459;2085668,375
8,459;2732866,25
8,459;2449023,5
8,459;1952238
8,459;1409934,5
8,459;502259,2188
8,459;324402,5938
8,459;42652,2305
8,459;0
8,459;0
8,459;0
8,459;0
8,459;0
8,4918;0
8,4918;0
8,4918;0
8,4918;0
8,4918;0
8,4918;0
8,4918;95781,7813
8,4918;830513,125
8,4918;713716
8,4918;1050946,125
8,4918;2338094,25
8,4918;1430040
8,4918;603044,625
8,4918;3607366
8,4918;2524593,75
8,4918;904506,3125
8,4918;918834,9375
8,4918;42394,4688
8,4918;0
8,4918;0
8,4918;0
8,4918;0
8,4918;0
8,4918;0
8,5246;0
8,5246;0
8,5246;0
8,5246;0
8,5246;0
8,5246;0
8,5246;57193,1133
8,5246;238082,2344
8,5246;789180
8,5246;1157963,375
8,5246;1939289,125
8,5246;2326737,75
8,5246;3144726,5
8,5246;2739886,5
8,5246;2415150,25
8,5246;3028020,25
8,5246;1881550,125
8,5246;707256,8125
8,5246;73705,125
8,5246;0
8,5246;0
8,5246;0
8,5246;0
8,5246;0
8,5574;0
8,5574;0
8,5574;0
8,5574;0
8,5574;0
8,5574;0
8,5574;62985,1992
8,5574;241751,5781
8,5574;944929,6875
8,5574;1520226,75
8,5574;3019529,25
8,5574;3607366
8,5574;3210410,75
8,5574;2880003,5
8,5574;3370163
8,5574;1052113,625
8,5574;1277580,75
8,5574;63819,1406
8,5574;40302,0391
8,5574;0
8,5574;0
8,5574;0
8,5574;0
8,5574;0
8,5902;0
8,5902;0
8,5902;0
8,5902;0
8,5902;0
8,5902;0
8,5902;76404,0547
8,5902;706422,875
8,5902;1549975,75
8,5902;2184816,25
8,5902;3177629
8,5902;3440653,75
8,5902;3203845,25
8,5902;3607366
8,5902;3202571,5
8,5902;2642982,75
8,5902;1610929,25
8,5902;484033,8438
8,5902;43364,8711
8,5902;0
8,5902;0
8,5902;0
8,5902;0
8,5902;0
8,623;0
8,623;0
8,623;0
8,623;0
8,623;0
8,623;0
8,623;79133,3125
8,623;742631
8,623;1796518,75
8,623;3028217,5
8,623;3607366
8,623;3607366
8,623;3607366
8,623;3607366
8,623;2891330
8,623;1541499,875
8,623;660813,9375
8,623;178796,7031
8,623;27762,6152
8,623;0
8,623;0
8,623;0
8,623;0
8,623;0
8,6557;0
8,6557;0
8,6557;0
8,6557;0
8,6557;0
8,6557;0
8,6557;81756,4297
8,6557;790059,4375
8,6557;1961350,625
8,6557;2988036,75
8,6557;3607366
8,6557;3607366
8,6557;3607366
8,6557;3607366
8,6557;3514510,75
8,6557;2799884,75
8,6557;1721176
8,6557;611277,875
8,6557;42030,5664
8,6557;0
8,6557;0
8,6557;0
8,6557;0
8,6557;0
8,6885;0
8,6885;0
8,6885;0
8,6885;0
8,6885;0
8,6885;0
8,6885;87760,7969
8,6885;273790,0313
8,6885;296943,2188
8,6885;3196506,5
8,6885;3607366
8,6885;3607366
8,6885;3607366
8,6885;3607366
8,6885;3607366
8,6885;3039817
8,6885;1369329,125
8,6885;573553,4375
8,6885;0
8,6885;0
8,6885;0
8,6885;0
8,6885;0
8,6885;0
8,7213;0
8,7213;0
8,7213;0
8,7213;0
8,7213;0
8,7213;0
8,7213;74372,2734
8,7213;917712,875
8,7213;2035677,5
8,7213;2551840,75
8,7213;2951752,75
8,7213;3187712,5
8,7213;3383885,25
8,7213;3500667
8,7213;3607366
8,7213;3325160,5
8,7213;2132960,25
8,7213;759400,75
8,7213;45957,668
8,7213;0
8,7213;0
8,7213;0
8,7213;0
8,7213;0
8,7541;0
8,7541;0
8,7541;0
8,7541;0
8,7541;0
8,7541;0
8,7541;72143,375
8,7541;784600,875
8,7541;1989598,5
8,7541;3041105,75
8,7541;3607366
8,7541;3607366
8,7541;3607366
8,7541;3607366
8,7541;3322067,5
8,7541;2619526,25
8,7541;1522698,25
8,7541;512963,9688
8,7541;26291,8496
8,7541;0
8,7541;0
8,7541;0
8,7541;0
8,7541;0
8,7869;0
8,7869;0
8,7869;0
8,7869;0
8,7869;0
8,7869;0
8,7869;66578,7266
8,7869;829406,25
8,7869;2048550,5
8,7869;3058390,75
8,7869;3607366
8,7869;3607366
8,7869;3607366
8,7869;3607366
8,7869;3547292
8,7869;2754427,25
8,7869;1709970,875
8,7869;576768
8,7869;0
8,7869;0
8,7869;0
8,7869;0
8,7869;0
8,7869;0
8,8197;0
8,8197;0
8,8197;0
8,8197;0
8,8197;0
8,8197;0
8,8197;64183,0391
8,8197;866948,6875
8,8197;1825843,125
8,8197;2721479,25
8,8197;2709986,25
8,8197;3148865,75
8,8197;3607366
8,8197;3607366
8,8197;3039316,5
8,8197;2250091
8,8197;1124241,875
8,8197;419335,25
8,8197;0
8,8197;0
8,8197;0
8,8197;0
8,8197;0
8,8197;0
8,8525;0
8,8525;0
8,8525;0
8,8525;0
8,8525;0
8,8525;0
8,8525;59300,7031
8,8525;881853,5
8,8525;2146606,5
8,8525;3154718,75
8,8525;3607366
8,8525;3607366
8,8525;3607366
8,8525;3607366
8,8525;3607366
8,8525;2879382
8,8525;1794047,125
8,8525;589428,625
8,8525;0
8,8525;0
8,8525;0
8,8525;0
8,8525;0
8,8525;0
8,8852;0
8,8852;0
8,8852;0
8,8852;0
8,8852;0
8,8852;0
8,8852;50930,9805
8,8852;886932,9375
8,8852;2223799
8,8852;2280719,5
8,8852;3607366
8,8852;3607366
8,8852;2616251
8,8852;2048050,125
8,8852;937090,5625
8,8852;483381,8438
8,8852;792455,125
8,8852;75858,1953
8,8852;0
8,8852;0
8,8852;0
8,8852;0
8,8852;0
8,8852;0
8,918;0
8,918;0
8,918;0
8,918;0
8,918;0
8,918;0
8,918;25442,7461
8,918;343189
8,918;1225194,125
8,918;933466,8125
8,918;1222434,5
8,918;563409,75
8,918;839974,5
8,918;3607366
8,918;3607366
8,918;2334379,5
8,918;1481986,875
8,918;604242,5
8,918;0
8,918;0
8,918;0
8,918;0
8,918;0
8,918;0
8,9508;0
8,9508;0
8,9508;0
8,9508;0
8,9508;0
8,9508;0
8,9508;0
8,9508;114947,2422
8,9508;389859,2813
8,9508;652247,125
8,9508;826388,875
8,9508;833879,1875
8,9508;833757,875
8,9508;845766,625
8,9508;894408
8,9508;398562,5938
8,9508;337214,9375
8,9508;161708,5156
8,9508;0
8,9508;0
8,9508;0
8,9508;0
8,9508;0
8,9508;0
9;0
9;0
9;0
9;0
9;0
9;0
9;0
9;208181,7188
9;102650,4063
9;163725,125
9;212245,2656
9;684649,4375
9;2857911,75
9;3607366
9;2661011
9;3225391,25
9;1908327,25
9;571885,625
9;0
9;0
9;0
9;0
9;0
9;0
9,0328;0
9,0328;0
9,0328;0
9,0328;0
9,0328;0
9,0328;0
9,0328;56222,707
9,0328;865068,5625
9,0328;1732411,375
9,0328;2259871
9,0328;3607366
9,0328;3607366
9,0328;3607366
9,0328;3402747,5
9,0328;3257490,25
9,0328;2979970,25
9,0328;1897592,25
9,0328;567867,5625
9,0328;0
9,0328;0
9,0328;0
9,0328;0
9,0328;0
9,0328;0
9,0656;0
9,0656;0
9,0656;0
9,0656;0
9,0656;0
9,0656;0
9,0656;39361,9609
9,0656;859807,125
9,0656;2170806
9,0656;3195687,75
9,0656;3607366
9,0656;3607366
9,0656;3607366
9,0656;3607366
9,0656;3607366
9,0656;2836805,5
9,0656;1735686,625
9,0656;505261,4063
9,0656;0
9,0656;0
9,0656;0
9,0656;0
9,0656;0
9,0656;0
9,0984;0
9,0984;0
9,0984;0
9,0984;0
9,0984;0
9,0984;0
9,0984;28035,541
9,0984;368950,1563
9,0984;1078314,5
9,0984;1899487,5
9,0984;2275003
9,0984;2652702
9,0984;2281295,5
9,0984;2882050,5
9,0984;2663042,75
9,0984;1908736,75
9,0984;1113491,625
9,0984;541636,375
9,0984;0
9,0984;0
9,0984;0
9,0984;0
9,0984;0
9,0984;0
9,1311;0
9,1311;0
9,1311;0
9,1311;0
9,1311;0
9,1311;0
9,1311;0
9,1311;266026,8125
9,1311;173944,6875
9,1311;1343037,375
9,1311;1364249,75
9,1311;1515920,625
9,1311;1760780,625
9,1311;2317609,75
9,1311;1529855
9,1311;848435,1875
9,1311;201404,0469
9,1311;0
9,1311;0
9,1311;0
9,1311;0
9,1311;0
9,1311;0
9,1311;0
9,1639;0
9,1639;0
9,1639;0
9,1639;0
9,1639;0
9,1639;0
9,1639;0
9,1639;246664,25
9,1639;1655673,875
9,1639;1108958
9,1639;1394878,125
9,1639;1251804,375
9,1639;863476,5
9,1639;1094796,25
9,1639;841142,0625
9,1639;1943443,75
9,1639;1367115,5
9,1639;430995,2813
9,1639;0
9,1639;0
9,1639;0
9,1639;0
9,1639;0
9,1639;0
9,1967;0
9,1967;0
9,1967;0
9,1967;0
9,1967;0
9,1967;0
9,1967;28096,1914
9,1967;805737,5
9,1967;2060771,5
9,1967;3119253,5
9,1967;3607366
9,1967;3607366
9,1967;3607366
9,1967;3607366
9,1967;3550218,25
9,1967;2703390,25
9,1967;1588716,125
9,1967;418471
9,1967;0
9,1967;0
9,1967;0
9,1967;0
9,1967;0
9,1967;0
9,2295;0
9,2295;0
9,2295;0
9,2295;0
9,2295;0
9,2295;0
9,2295;0
9,2295;217855,4063
9,2295;1104924,75
9,2295;1555995,25
9,2295;1758566,875
9,2295;2169866
9,2295;1723996,125
9,2295;1308952
9,2295;1247877,25
9,2295;721676,375
9,2295;312848,75
9,2295;0
9,2295;0
9,2295;0
9,2295;0
9,2295;0
9,2295;0
9,2295;0
9,2623;0
9,2623;0
9,2623;0
9,2623;0
9,2623;0
9,2623;0
9,2623;0
9,2623;316912,3125
9,2623;670214,6875
9,2623;499014,4063
9,2623;930237,125
9,2623;2395894
9,2623;2430449,5
9,2623;3607366
9,2623;2514632
9,2623;1238658,5
9,2623;255928,5469
9,2623;80134,0391
9,2623;0
9,2623;0
9,2623;0
9,2623;0
9,2623;0
9,2623;0
9,2951;0
9,2951;0
9,2951;0
9,2951;0
9,2951;0
9,2951;0
9,2951;0
9,2951;794729,5
9,2951;2098450,5
9,2951;1850649
9,2951;2848480,75
9,2951;2401216
9,2951;3385067,75
9,2951;2264813,75
9,2951;2056465,25
9,2951;1609534,25
9,2951;537997,3125
9,2951;100163,75
9,2951;0
9,2951;0
9,2951;0
9,2951;0
9,2951;0
9,2951;0
9,3279;0
9,3279;0
9,3279;0
9,3279;0
9,3279;0
9,3279;0
9,3279;0
9,3279;736505,3125
9,3279;1338852,5
9,3279;1875485,125
9,3279;3598587
9,3279;2107699,5
9,3279;3607366
9,3279;3607366
9,3279;2956104,25
9,3279;881428,875
9,3279;194747,6875
9,3279;85531,9063
9,3279;0
9,3279;0
9,3279;0
9,3279;0
9,3279;0
9,3279;0
9,3607;0
9,3607;0
9,3607;0
9,3607;0
9,3607;0
9,3607;0
9,3607;0
9,3607;163816,1094
9,3607;258339,4063
9,3607;567594,625
9,3607;578845,1875
9,3607;749348
9,3607;772546,75
9,3607;1012675,938
9,3607;1052447,25
9,3607;934285,5625
9,3607;314380,1563
9,3607;69853,8359
9,3607;0
9,3607;0
9,3607;0
9,3607;0
9,3607;0
9,3607;0
9,3934;0
9,3934;0
9,3934;0
9,3934;0
9,3934;0
9,3934;0
9,3934;0
9,3934;428872,5
9,3934;1547974,25
9,3934;2652156
9,3934;3048838,5
9,3934;3372013
9,3934;3480986
9,3934;3091794,25
9,3934;2754821,75
9,3934;1890738,625
9,3934;668243,5625
9,3934;178296,3438
9,3934;0
9,3934;0
9,3934;0
9,3934;0
9,3934;0
9,3934;0
9,4262;0
9,4262;0
9,4262;0
9,4262;0
9,4262;0
9,4262;0
9,4262;0
9,4262;171139,6094
9,4262;2091036
9,4262;3108715,5
9,4262;3607366
9,4262;2163998
9,4262;489613,6563
9,4262;864037,5
9,4262;1383506,125
9,4262;771439,8125
9,4262;412754,7188
9,4262;75767,2266
9,4262;0
9,4262;0
9,4262;0
9,4262;0
9,4262;0
9,4262;0
9,459;0
9,459;0
9,459;0
9,459;0
9,459;0
9,459;0
9,459;0
9,459;26307,0098
9,459;86441,6484
9,459;371300,3438
9,459;3607366
9,459;3607366
9,459;3607366
9,459;3607366
9,459;3517649,25
9,459;1432375,125
9,459;59406,8398
9,459;278854,3125
9,459;0
9,459;0
9,459;0
9,459;0
9,459;0
9,459;0
9,4918;0
9,4918;0
9,4918;0
9,4918;0
9,4918;0
9,4918;0
9,4918;0
9,4918;786814,625
9,4918;2099163
9,4918;3193155,75
9,4918;3607366
9,4918;3607366
9,4918;3607366
9,4918;3607366
9,4918;3565183,75
9,4918;2697871
9,4918;1524957,5
9,4918;189789,5469
9,4918;0
9,4918;0
9,4918;0
9,4918;0
9,4918;0
9,4918;0
9,5246;0
9,5246;0
9,5246;0
9,5246;0
9,5246;0
9,5246;0
9,5246;0
9,5246;778490,375
9,5246;2089004,125
9,5246;3178417,75
9,5246;3607366
9,5246;3607366
9,5246;3607366
9,5246;3607366
9,5246;3540817,5
9,5246;2629442,5
9,5246;1468537,75
9,5246;166408,9063
9,5246;0
9,5246;0
9,5246;0
9,5246;0
9,5246;0
9,5246;0
9,5574;0
9,5574;0
9,5574;0
9,5574;0
9,5574;0
9,5574;0
9,5574;0
9,5574;707742
9,5574;1960607,75
9,5574;3069929,75
9,5574;3607366
9,5574;3607366
9,5574;3607366
9,5574;3607366
9,5574;3383521,25
9,5574;2509613,25
9,5574;1370815,125
9,5574;155264,4375
9,5574;0
9,5574;0
9,5574;0
9,5574;0
9,5574;0
9,5574;0
9,5902;0
9,5902;0
9,5902;0
9,5902;0
9,5902;0
9,5902;0
9,5902;0
9,5902;122922,7266
9,5902;76191,7813
9,5902;760189,1875
9,5902;2728636
9,5902;1994147,25
9,5902;3367373,25
9,5902;3471342,75
9,5902;3607366
9,5902;2092506,625
9,5902;1481456,125
9,5902;260674,4219
9,5902;0
9,5902;0
9,5902;0
9,5902;0
9,5902;0
9,5902;0
9,623;0
9,623;0
9,623;0
9,623;0
9,623;0
9,623;0
9,623;0
9,623;500545,8438
9,623;1287436,25
9,623;2793001
9,623;1999787,75
9,623;1213852,5
9,623;1836184
9,623;1177037,875
9,623;877335
9,623;943367,9375
9,623;110443,9609
9,623;28353,9531
9,623;0
9,623;0
9,623;0
9,623;0
9,623;0
9,623;0
9,6557;0
9,6557;0
9,6557;0
9,6557;0
9,6557;0
9,6557;0
9,6557;0
9,6557;169441,4063
9,6557;534130,875
9,6557;1567943,375
9,6557;2089186
9,6557;2469841,5
9,6557;1834106,625
9,6557;2067109,375
9,6557;1786723,625
9,6557;1478939,25
9,6557;1127153
9,6557;171761,2813
9,6557;0
9,6557;0
9,6557;0
9,6557;0
9,6557;0
9,6557;0
9,6885;0
9,6885;0
9,6885;0
9,6885;0
9,6885;0
9,6885;0
9,6885;0
9,6885;542076,0625
9,6885;1681829,125
9,6885;2582165,75
9,6885;2729940
9,6885;3380018,75
9,6885;3607366
9,6885;3607366
9,6885;2630261,5
9,6885;510947,375
9,6885;226543,5469
9,6885;56950,5117
9,6885;0
9,6885;0
9,6885;0
9,6885;0
9,6885;0
9,6885;0
9,7213;0
9,7213;0
9,7213;0
9,7213;0
9,7213;0
9,7213;0
9,7213;0
9,7213;0
9,7213;64668,2461
9,7213;119010,7969
9,7213;163482,5313
9,7213;190578
9,7213;704451,6875
9,7213;3577465,5
9,7213;3577692,75
9,7213;2557072
9,7213;1267497,5
9,7213;176567,8125
9,7213;0
9,7213;0
9,7213;0
9,7213;0
9,7213;0
9,7213;0
9,7541;0
9,7541;0
9,7541;0
9,7541;0
9,7541;0
9,7541;0
9,7541;0
9,7541;585183,1875
9,7541;1803008,25
9,7541;2871800,75
9,7541;3607366
9,7541;3607366
9,7541;3607366
9,7541;3607366
9,7541;3046336,75
9,7541;2018225,375
9,7541;979621,5
9,7541;76191,7813
9,7541;0
9,7541;0
9,7541;0
9,7541;0
9,7541;0
9,7541;0
9,7869;0
9,7869;0
9,7869;0
9,7869;0
9,7869;0
9,7869;0
9,7869;0
9,7869;165438,5
9,7869;297671,0313
9,7869;1228408,5
9,7869;1538998,125
9,7869;1012569,688
9,7869;1760917
9,7869;2009885,875
9,7869;2297504,25
9,7869;1940456,625
9,7869;1172701,375
9,7869;161935,9531
9,7869;0
9,7869;0
9,7869;0
9,7869;0
9,7869;0
9,7869;0
9,8197;0
9,8197;0
9,8197;0
9,8197;0
9,8197;0
9,8197;0
9,8197;0
9,8197;45472,4648
9,8197;401670,9063
9,8197;818231,5
9,8197;757005,0625
9,8197;2216339
9,8197;3607366
9,8197;2602559,5
9,8197;3268619,5
9,8197;2099238,75
9,8197;1341233
9,8197;125636,8281
9,8197;0
9,8197;0
9,8197;0
9,8197;0
9,8197;0
9,8197;0
9,8525;0
9,8525;0
9,8525;0
9,8525;0
9,8525;0
9,8525;0
9,8525;0
9,8525;26807,377
9,8525;132899,6875
9,8525;225906,7344
9,8525;156962,6406
9,8525;271545,9688
9,8525;444308
9,8525;2918910,5
9,8525;2605258,25
9,8525;1580588,875
9,8525;590626,5
9,8525;45366,3242
9,8525;0
9,8525;0
9,8525;0
9,8525;0
9,8525;0
9,8525;0
9,8852;0
9,8852;0
9,8852;0
9,8852;0
9,8852;0
9,8852;0
9,8852;0
9,8852;0
9,8852;708894,3125
9,8852;2424429,75
9,8852;2381413,75
9,8852;2236262,75
9,8852;382111,25
9,8852;569641,5625
9,8852;505473,6563
9,8852;937333,25
9,8852;92097,2891
9,8852;0
9,8852;0
9,8852;0
9,8852;0
9,8852;0
9,8852;0
9,8852;0
9,918;0
9,918;0
9,918;0
9,918;0
9,918;0
9,918;0
9,918;0
9,918;73629,3047
9,918;381883,7813
9,918;118419,4609
9,918;1934604
9,918;740781,1875
9,918;2768195
9,918;3607366
9,918;2289907,75
9,918;1167606,75
9,918;505898,2188
9,918;0
9,918;0
9,918;0
9,918;0
9,918;0
9,918;0
9,918;0
9,9508;0
9,9508;0
9,9508;0
9,9508;0
9,9508;0
9,9508;0
9,9508;0
9,9508;49520,8672
9,9508;258309,0781
9,9508;585562,1875
9,9508;1008915,625
9,9508;812954,875
9,9508;1160677,5
9,9508;878244,75
9,9508;472555,8125
9,9508;451586
9,9508;208469,7969
9,9508;0
9,9508;0
9,9508;0
9,9508;0
9,9508;0
9,9508;0
9,9508;0
9,9836;0
9,9836;0
9,9836;0
9,9836;0
9,9836;0
9,9836;0
9,9836;0
9,9836;191427,1094
9,9836;452647,375
9,9836;739446,875
9,9836;1705255,375
9,9836;1335744,25
9,9836;1214944,25
9,9836;1697097,875
9,9836;1479985,5
9,9836;1043607,438
9,9836;1052674,75
9,9836;59679,7695
9,9836;0
9,9836;0
9,9836;0
9,9836;0
9,9836;0
9,9836;0
10;0
10;0
10;0
10;0
10;0
10;0
10;0
10;51977,1953
10;138009,4688
10;96297,3125
10;502941,5313
10;1196218,375
10;1913149
10;1653081
10;1699023,625
10;1344856,875
10;156128,6875
10;0
10;0
10;0
10;0
10;0
10;0
10;0
10,0328;0
10,0328;0
10,0328;0
10,0328;0
10,0328;0
10,0328;0
10,0328;0
10,0328;413042,8125
10,0328;1325858,125
10,0328;2192352
10,0328;2955422
10,0328;1698250,25
10,0328;2343583,25
10,0328;2517694,75
10,0328;3285510,75
10,0328;2381504,75
10,0328;1122483
10,0328;47564,8945
10,0328;0
10,0328;0
10,0328;0
10,0328;0
10,0328;0
10,0328;0
10,0656;0
10,0656;0
10,0656;0
10,0656;0
10,0656;0
10,0656;0
10,0656;0
10,0656;182936,0781
10,0656;1051628,5
10,0656;2595023,5
10,0656;2821628
10,0656;3607366
10,0656;2700069,75
10,0656;3107760,25
10,0656;2959349,25
10,0656;1200524,625
10,0656;788133,8125
10,0656;37982,168
10,0656;0
10,0656;0
10,0656;0
10,0656;0
10,0656;0
10,0656;0
10,0984;0
10,0984;0
10,0984;0
10,0984;0
10,0984;0
10,0984;0
10,0984;0
10,0984;0
10,0984;155355,4063
10,0984;340899,4688
10,0984;473783,9688
10,0984;486838,9063
10,0984;466596,9063
10,0984;390268,6875
10,0984;310695,6563
10,0984;170002,4219
10,0984;57693,4727
10,0984;0
10,0984;0
10,0984;0
10,0984;0
10,0984;0
10,0984;0
10,0984;0
10,1311;0
10,1311;0
10,1311;0
10,1311;0
10,1311;0
10,1311;0
10,1311;0
10,1311;92885,7344
10,1311;52386,5859
10,1311;1006565,375
10,1311;2207848,25
10,1311;3232881,5
10,1311;348526,2188
10,1311;1220266,25
10,1311;3386038,5
10,1311;2472722,75
10,1311;1146909,875
10,1311;37436,3164
10,1311;0
10,1311;0
10,1311;0
10,1311;0
10,1311;0
10,1311;0
10,1639;0
10,1639;0
10,1639;0
10,1639;0
10,1639;0
10,1639;0
10,1639;0
10,1639;389086
10,1639;1302689,875
10,1639;1930661,75
10,1639;3099193,25
10,1639;2971873,25
10,1639;2431329
10,1639;2712139,25
10,1639;2068595,375
10,1639;2430055
10,1639;1222025,125
10,1639;36102,0156
10,1639;0
10,1639;0
10,1639;0
10,1639;0
10,1639;0
10,1639;0
10,1967;0
10,1967;0
10,1967;0
10,1967;0
10,1967;0
10,1967;0
10,1967;0
10,1967;461578,125
10,1967;1815259,625
10,1967;2994283,75
10,1967;3607366
10,1967;3607366
10,1967;3607366
10,1967;3607366
10,1967;3145924,25
10,1967;163482,5313
10,1967;25548,8848
10,1967;0
10,1967;0
10,1967;0
10,1967;0
10,1967;0
10,1967;0
10,1967;0
10,2295;0
10,2295;0
10,2295;0
10,2295;0
10,2295;0
10,2295;0
10,2295;0
10,2295;285616,8125
10,2295;324690,6875
10,2295;1360550,125
10,2295;2703632,75
10,2295;2201040,25
10,2295;3607366
10,2295;3607366
10,2295;3267952,5
10,2295;2409798
10,2295;1143695,5
10,2295;24714,9453
10,2295;0
10,2295;0
10,2295;0
10,2295;0
10,2295;0
10,2295;0
10,2623;0
10,2623;0
10,2623;0
10,2623;0
10,2623;0
10,2623;0
10,2623;0
10,2623;79254,6094
10,2623;165347,5313
10,2623;508581,9688
10,2623;786465,9375
10,2623;1532508,5
10,2623;3402702
10,2623;2080588,875
10,2623;1620057
10,2623;546185,125
10,2623;27565,502
10,2623;0
10,2623;0
10,2623;0
10,2623;0
10,2623;0
10,2623;0
10,2623;0
10,2951;0
10,2951;0
10,2951;0
10,2951;0
10,2951;0
10,2951;0
10,2951;0
10,2951;62772,9258
10,2951;992903,9375
10,2951;1038239,938
10,2951;1022759
10,2951;2032781,5
10,2951;1498908,25
10,2951;1275882,375
10,2951;251955,9688
10,2951;127259,2188
10,2951;35601,6484
10,2951;0
10,2951;0
10,2951;0
10,2951;0
10,2951;0
10,2951;0
10,2951;0
10,3279;0
10,3279;0
10,3279;0
10,3279;0
10,3279;0
10,3279;0
10,3279;0
10,3279;0
10,3279;66427,1016
10,3279;459425,0625
10,3279;435559,1875
10,3279;1150276
10,3279;1217567,25
10,3279;1630579,875
10,3279;1281219,625
10,3279;748529,25
10,3279;434558,4688
10,3279;0
10,3279;0
10,3279;0
10,3279;0
10,3279;0
10,3279;0
10,3279;0
10,3607;0
10,3607;0
10,3607;0
10,3607;0
10,3607;0
10,3607;0
10,3607;0
10,3607;332044,5
10,3607;1691836,5
10,3607;2788073,25
10,3607;2427068,25
10,3607;2985004,25
10,3607;1410995,875
10,3607;1694687,125
10,3607;3165923,75
10,3607;1990174,75
10,3607;943428,5625
10,3607;0
10,3607;0
10,3607;0
10,3607;0
10,3607;0
10,3607;0
10,3607;0
10,3934;0
10,3934;0
10,3934;0
10,3934;0
10,3934;0
10,3934;0
10,3934;0
10,3934;47868,1484
10,3934;671882,625
10,3934;2396075,75
10,3934;3024078,25
10,3934;2708833,75
10,3934;178023,4063
10,3934;163543,1719
10,3934;126940,8047
10,3934;1573280,625
10,3934;902504,875
10,3934;0
10,3934;0
10,3934;0
10,3934;0
10,3934;0
10,3934;0
10,3934;0
10,4262;0
10,4262;0
10,4262;0
10,4262;0
10,4262;0
10,4262;0
10,4262;0
10,4262;49566,3477
10,4262;477013,5938
10,4262;402944,5625
10,4262;1505473,625
10,4262;1883339,375
10,4262;1061180,875
10,4262;552492,6875
10,4262;558254,5
10,4262;1178402,5
10,4262;755306,875
10,4262;0
10,4262;0
10,4262;0
10,4262;0
10,4262;0
10,4262;0
10,4262;0
10,459;0
10,459;0
10,459;0
10,459;0
10,459;0
10,459;0
10,459;0
10,459;0
10,459;38982,8945
10,459;130610,1406
10,459;244556,6406
10,459;306616,9375
10,459;375864,25
10,459;2711335,5
10,459;2059952,625
10,459;1170366,375
10,459;434528,125
10,459;0
10,459;0
10,459;0
10,459;0
10,459;0
10,459;0
10,459;0
10,4918;0
10,4918;0
10,4918;0
10,4918;0
10,4918;0
10,4918;0
10,4918;0
10,4918;0
10,4918;36754,0039
10,4918;90944,9297
10,4918;150200,1406
10,4918;188500,7188
10,4918;195354,1875
10,4918;2168789,5
10,4918;1677386,625
10,4918;1080907,375
10,4918;435195,2813
10,4918;0
10,4918;0
10,4918;0
10,4918;0
10,4918;0
10,4918;0
10,4918;0
10,5246;0
10,5246;0
10,5246;0
10,5246;0
10,5246;0
10,5246;0
10,5246;0
10,5246;0
10,5246;351877,125
10,5246;716035,875
10,5246;725967,3125
10,5246;803523,75
10,5246;670336,0625
10,5246;639738
10,5246;282842,0625
10,5246;203420,6719
10,5246;0
10,5246;0
10,5246;0
10,5246;0
10,5246;0
10,5246;0
10,5246;0
10,5246;0
10,5574;0
10,5574;0
10,5574;0
10,5574;0
10,5574;0
10,5574;0
10,5574;0
10,5574;0
10,5574;107077,875
10,5574;532387,1875
10,5574;1016223,875
10,5574;1178645
10,5574;1568777,25
10,5574;811150,5
10,5574;479651,875
10,5574;67336,8516
10,5574;0
10,5574;0
10,5574;0
10,5574;0
10,5574;0
10,5574;0
10,5574;0
10,5574;0
10,5902;0
10,5902;0
10,5902;0
10,5902;0
10,5902;0
10,5902;0
10,5902;0
10,5902;0
10,5902;43501,332
10,5902;155203,7969
10,5902;2099178,25
10,5902;2025882,375
10,5902;1717294,375
10,5902;1578845,25
10,5902;986368,875
10,5902;357547,9063
10,5902;706180,3125
10,5902;0
10,5902;0
10,5902;0
10,5902;0
10,5902;0
10,5902;0
10,5902;0
10,623;0
10,623;0
10,623;0
10,623;0
10,623;0
10,623;0
10,623;0
10,623;60134,6406
10,623;1518346,625
10,623;2957969,5
10,623;3607366
10,623;3607366
10,623;2454087,75
10,623;1446779,5
10,623;1056707,875
10,623;1024548,125
10,623;175218,3438
10,623;0
10,623;0
10,623;0
10,623;0
10,623;0
10,623;0
10,623;0
10,6557;0
10,6557;0
10,6557;0
10,6557;0
10,6557;0
10,6557;0
10,6557;0
10,6557;47200,9961
10,6557;604940
10,6557;632444,8125
10,6557;1287785,125
10,6557;2374909,25
10,6557;3607366
10,6557;3607366
10,6557;3128669,5
10,6557;2274957,5
10,6557;1027141
10,6557;0
10,6557;0
10,6557;0
10,6557;0
10,6557;0
10,6557;0
10,6557;0
10,6885;0
10,6885;0
10,6885;0
10,6885;0
10,6885;0
10,6885;0
10,6885;0
10,6885;45942,5039
10,6885;1146561,125
10,6885;2685695,5
10,6885;3375970,25
10,6885;3404764
10,6885;2305313
10,6885;2090732,75
10,6885;1035252,875
10,6885;700464
10,6885;263615,9688
10,6885;0
10,6885;0
10,6885;0
10,6885;0
10,6885;0
10,6885;0
10,6885;0
10,7213;0
10,7213;0
10,7213;0
10,7213;0
10,7213;0
10,7213;0
10,7213;0
10,7213;0
10,7213;34039,9102
10,7213;343552,875
10,7213;345175,2813
10,7213;309543,2813
10,7213;570536,1875
10,7213;3100285
10,7213;2520787,75
10,7213;1683254,5
10,7213;63713
10,7213;0
10,7213;0
10,7213;0
10,7213;0
10,7213;0
10,7213;0
10,7213;0
10,7541;0
10,7541;0
10,7541;0
10,7541;0
10,7541;0
10,7541;0
10,7541;0
10,7541;39665,2109
10,7541;1313637,125
10,7541;2267361
10,7541;3224375,25
10,7541;3353711,75
10,7541;3397425,5
10,7541;3607366
10,7541;2580846,75
10,7541;1495693,875
10,7541;676643,625
10,7541;0
10,7541;0
10,7541;0
10,7541;0
10,7541;0
10,7541;0
10,7541;0
10,7869;0
10,7869;0
10,7869;0
10,7869;0
10,7869;0
10,7869;0
10,7869;0
10,7869;0
10,7869;35298,3984
10,7869;92218,5859
10,7869;167728,0469
10,7869;298004,625
10,7869;271303,375
10,7869;3065532,5
10,7869;2590944,75
10,7869;1679812,5
10,7869;687227,125
10,7869;0
10,7869;0
10,7869;0
10,7869;0
10,7869;0
10,7869;0
10,7869;0
10,8197;0
10,8197;0
10,8197;0
10,8197;0
10,8197;0
10,8197;0
10,8197;0
10,8197;0
10,8197;26761,8887
10,8197;128866,4531
10,8197;378745,1563
10,8197;428402,4688
10,8197;403535,9063
10,8197;2609943,5
10,8197;1599663,375
10,8197;983230,25
10,8197;317640,125
10,8197;0
10,8197;0
10,8197;0
10,8197;0
10,8197;0
10,8197;0
10,8197;0
10,8525;0
10,8525;0
10,8525;0
10,8525;0
10,8525;0
10,8525;0
10,8525;0
10,8525;0
10,8525;1343082,875
10,8525;2429888,5
10,8525;2811180,75
10,8525;2133112
10,8525;2737218
10,8525;3452147
10,8525;2892300,25
10,8525;2045639,25
10,8525;861050,5
10,8525;0
10,8525;0
10,8525;0
10,8525;0
10,8525;0
10,8525;0
10,8525;0
10,8852;0
10,8852;0
10,8852;0
10,8852;0
10,8852;0
10,8852;0
10,8852;0
10,8852;0
10,8852;539361,9375
10,8852;1424899,875
10,8852;995375,4375
10,8852;1633642,75
10,8852;1276413,125
10,8852;1707893,625
10,8852;988006,4375
10,8852;943125,25
10,8852;834167,25
10,8852;0
10,8852;0
10,8852;0
10,8852;0
10,8852;0
10,8852;0
10,8852;0
10,918;0
10,918;0
10,918;0
10,918;0
10,918;0
10,918;0
10,918;0
10,918;0
10,918;177780,8125
10,918;840763
10,918;1293819,75
10,918;1952359,375
10,918;2690017
10,918;1985883,625
10,918;2069702,125
10,918;1777095,375
10,918;831877,6875
10,918;0
10,918;0
10,918;0
10,918;0
10,918;0
10,918;0
10,918;0
10,9508;0
10,9508;0
10,9508;0
10,9508;0
10,9508;0
10,9508;0
10,9508;0
10,9508;0
10,9508;589822,9375
10,9508;1589443,875
10,9508;1516982
10,9508;2553023,5
10,9508;2141436,25
10,9508;1416105,625
10,9508;1798717,25
10,9508;2191321
10,9508;933224,125
10,9508;0
10,9508;0
10,9508;0
10,9508;0
10,9508;0
10,9508;0
10,9508;0
11;0
11;0
11;0
11;0
11;0
11;0
11;0
11;30249,2715
11;1236884,375
11;2356805
11;3434968
11;3607366
11;3607366
11;1738218,75
11;103438,8672
11;59528,1445
11;0
11;0
11;0
11;0
11;0
11;0
11;0
11;0
11,0328;0
11,0328;0
11,0328;0
11,0328;0
11,0328;0
11,0328;0
11,0328;0
11,0328;0
11,0328;0
11,0328;178736,0469
11,0328;325175,875
11,0328;409252,1875
11,0328;443398,2188
11,0328;2620527
11,0328;2146712,75
11,0328;1417637,125
11,0328;640480,9375
11,0328;0
11,0328;0
11,0328;0
11,0328;0
11,0328;0
11,0328;0
11,0328;0
11,0656;0
11,0656;0
11,0656;0
11,0656;0
11,0656;0
11,0656;0
11,0656;0
11,0656;0
11,0656;206058,9531
11,0656;95994,0625
11,0656;587639,5
11,0656;1539240,75
11,0656;610201,375
11,0656;2306798,75
11,0656;1324539,125
11,0656;527125,8125
11,0656;30309,9238
11,0656;0
11,0656;0
11,0656;0
11,0656;0
11,0656;0
11,0656;0
11,0656;0
11,0984;0
11,0984;0
11,0984;0
11,0984;0
11,0984;0
11,0984;0
11,0984;0
11,0984;0
11,0984;299717,9688
11,0984;816002,5625
11,0984;281477,4375
11,0984;2294471,75
11,0984;2874954,5
11,0984;2728135,5
11,0984;2488613
11,0984;853196,25
11,0984;197219,1875
11,0984;0
11,0984;0
11,0984;0
11,0984;0
11,0984;0
11,0984;0
11,0984;0
11,1311;0
11,1311;0
11,1311;0
11,1311;0
11,1311;0
11,1311;0
11,1311;0
11,1311;0
11,1311;334167,2813
11,1311;579618,5
11,1311;1811575,125
11,1311;2303948,25
11,1311;1632035,5
11,1311;1965778,125
11,1311;1421806,75
11,1311;473586,875
11,1311;0
11,1311;0
11,1311;0
11,1311;0
11,1311;0
11,1311;0
11,1311;0
11,1311;0
11,1639;0
11,1639;0
11,1639;0
11,1639;0
11,1639;0
11,1639;0
11,1639;0
11,1639;0
11,1639;318656
11,1639;1211320,375
11,1639;2681329
11,1639;2776655,75
11,1639;3607366
11,1639;3507930
11,1639;2360125,5
11,1639;1516633,25
11,1639;527277,4375
11,1639;0
11,1639;0
11,1639;0
11,1639;0
11,1639;0
11,1639;0
11,1639;0
11,1967;0
11,1967;0
11,1967;0
11,1967;0
11,1967;0
11,1967;0
11,1967;0
11,1967;0
11,1967;1281022,5
11,1967;2579436,5
11,1967;3470979
11,1967;3607366
11,1967;3607366
11,1967;3560316,5
11,1967;95190,4375
11,1967;53766,375
11,1967;692564,3125
11,1967;0
11,1967;0
11,1967;0
11,1967;0
11,1967;0
11,1967;0
11,1967;0
11,2295;0
11,2295;0
11,2295;0
11,2295;0
11,2295;0
11,2295;0
11,2295;0
11,2295;0
11,2295;899351,0625
11,2295;1676385,875
11,2295;2930510
11,2295;3607366
11,2295;3398047,25
11,2295;2712836,75
11,2295;1354803,5
11,2295;674187,3125
11,2295;44365,5977
11,2295;0
11,2295;0
11,2295;0
11,2295;0
11,2295;0
11,2295;0
11,2295;0
11,2623;0
11,2623;0
11,2623;0
11,2623;0
11,2623;0
11,2623;0
11,2623;0
11,2623;0
11,2623;1108199,875
11,2623;2332590,25
11,2623;3078784,5
11,2623;3607366
11,2623;3349891
11,2623;3255488,75
11,2623;2283039,25
11,2623;1287315
11,2623;414907,8125
11,2623;0
11,2623;0
11,2623;0
11,2623;0
11,2623;0
11,2623;0
11,2623;0
11,2951;0
11,2951;0
11,2951;0
11,2951;0
11,2951;0
11,2951;0
11,2951;0
11,2951;0
11,2951;172170,6719
11,2951;212033
11,2951;1479257,625
11,2951;1868389,125
11,2951;3607366
11,2951;298323,0313
11,2951;2887979
11,2951;356334,9063
11,2951;434846,5625
11,2951;0
11,2951;0
11,2951;0
11,2951;0
11,2951;0
11,2951;0
11,2951;0
11,3279;0
11,3279;0
11,3279;0
11,3279;0
11,3279;0
11,3279;0
11,3279;0
11,3279;0
11,3279;562621,3125
11,3279;1127668,625
11,3279;2093173,875
11,3279;1738461,375
11,3279;2015632,625
11,3279;2652171,25
11,3279;3173686,75
11,3279;2270697
11,3279;1000652
11,3279;0
11,3279;0
11,3279;0
11,3279;0
11,3279;0
11,3279;0
11,3279;0
11,3607;0
11,3607;0
11,3607;0
11,3607;0
11,3607;0
11,3607;0
11,3607;0
11,3607;0
11,3607;25852,1348
11,3607;58770,0156
11,3607;192564,2969
11,3607;1159904,125
11,3607;955285,625
11,3607;2207924
11,3607;1019483,875
11,3607;1591778,875
11,3607;821976,5625
11,3607;0
11,3607;0
11,3607;0
11,3607;0
11,3607;0
11,3607;0
11,3607;0
11,3934;0
11,3934;0
11,3934;0
11,3934;0
11,3934;0
11,3934;0
11,3934;0
11,3934;0
11,3934;165863,0469
11,3934;569414,125
11,3934;1186211,25
11,3934;1351255,375
11,3934;1580846,625
11,3934;1373787
11,3934;1314092,125
11,3934;344250,3438
11,3934;0
11,3934;0
11,3934;0
11,3934;0
11,3934;0
11,3934;0
11,3934;0
11,3934;0
11,4262;0
11,4262;0
11,4262;0
11,4262;0
11,4262;0
11,4262;0
11,4262;0
11,4262;0
11,4262;87760,7969
11,4262;193731,8125
11,4262;308724,5313
11,4262;824948,4375
11,4262;1979515,375
11,4262;2408660,75
11,4262;2420745,5
11,4262;1763752,5
11,4262;866933,5
11,4262;0
11,4262;0
11,4262;0
11,4262;0
11,4262;0
11,4262;0
11,4262;0
11,459;0
11,459;0
11,459;0
11,459;0
11,459;0
11,459;0
11,459;0
11,459;0
11,459;842324,6875
11,459;739143,625
11,459;1967764,5
11,459;2275867,25
11,459;1831968,75
11,459;133081,625
11,459;268831,875
11,459;1108594,125
11,459;605137,0625
11,459;0
11,459;0
11,459;0
11,459;0
11,459;0
11,459;0
11,459;0
11,4918;0
11,4918;0
11,4918;0
11,4918;0
11,4918;0
11,4918;0
11,4918;0
11,4918;0
11,4918;54251,5781
11,4918;175430,625
11,4918;307526,6875
11,4918;410980,6875
11,4918;446673,3438
11,4918;457302,2813
11,4918;326949,9063
11,4918;195111,5938
11,4918;43789,4219
11,4918;0
11,4918;0
11,4918;0
11,4918;0
11,4918;0
11,4918;0
11,4918;0
11,5246;0
11,5246;0
11,5246;0
11,5246;0
11,5246;0
11,5246;0
11,5246;0
11,5246;0
11,5246;860671,375
11,5246;2009719,25
11,5246;2585941,25
11,5246;3059513
11,5246;2732714,5
11,5246;2411860
11,5246;2221843,25
11,5246;2273032
11,5246;1055222
11,5246;0
11,5246;0
11,5246;0
11,5246;0
11,5246;0
11,5246;0
11,5246;0
11,5574;0
11,5574;0
11,5574;0
11,5574;0
11,5574;0
11,5574;0
11,5574;0
11,5574;0
11,5574;777353,25
11,5574;1019908,438
11,5574;92051,7969
11,5574;1743707,5
11,5574;3607366
11,5574;3607366
11,5574;3144468,5
11,5574;2209015,75
11,5574;1002592,75
11,5574;0
11,5574;0
11,5574;0
11,5574;0
11,5574;0
11,5574;0
11,5574;0
11,5902;0
11,5902;0
11,5902;0
11,5902;0
11,5902;0
11,5902;0
11,5902;0
11,5902;0
11,5902;784055,0625
11,5902;1740963,125
11,5902;2887418
11,5902;3153793,75
11,5902;3607366
11,5902;3075282
11,5902;2660025,5
11,5902;1974375,25
11,5902;822962,1875
11,5902;0
11,5902;0
11,5902;0
11,5902;0
11,5902;0
11,5902;0
11,5902;0
11,623;0
11,623;0
11,623;0
11,623;0
11,623;0
11,623;0
11,623;0
11,623;0
11,623;493753,0313
11,623;1556025,625
11,623;2378093,25
11,623;2895439,25
11,623;2708333,25
11,623;2756610,75
11,623;2825782,25
11,623;2142391,5
11,623;833075,5625
11,623;0
11,623;0
11,623;0
11,623;0
11,623;0
11,623;0
11,623;0
11,6557;0
11,6557;0
11,6557;0
11,6557;0
11,6557;0
11,6557;0
11,6557;0
11,6557;0
11,6557;0
11,6557;400366,9375
11,6557;998938,625
11,6557;1920002,5
11,6557;1709121,75
11,6557;1122862,125
11,6557;1788482,5
11,6557;1770120,75
11,6557;932450,875
11,6557;0
11,6557;0
11,6557;0
11,6557;0
11,6557;0
11,6557;0
11,6557;0
11,6885;0
11,6885;0
11,6885;0
11,6885;0
11,6885;0
11,6885;0
11,6885;0
11,6885;0
11,6885;0
11,6885;61969,3125
11,6885;113597,7656
11,6885;153551,0625
11,6885;171715,7969
11,6885;1904369,875
11,6885;1440805,375
11,6885;966263,375
11,6885;378548,0313
11,6885;0
11,6885;0
11,6885;0
11,6885;0
11,6885;0
11,6885;0
11,6885;0
11,7213;0
11,7213;0
11,7213;0
11,7213;0
11,7213;0
11,7213;0
11,7213;0
11,7213;0
11,7213;267133,6563
11,7213;445551,3125
11,7213;338367,3125
11,7213;833090,75
11,7213;1011796,438
11,7213;1909691,875
11,7213;2197204
11,7213;1871861,25
11,7213;886083,875
11,7213;0
11,7213;0
11,7213;0
11,7213;0
11,7213;0
11,7213;0
11,7213;0
11,7541;0
11,7541;0
11,7541;0
11,7541;0
11,7541;0
11,7541;0
11,7541;0
11,7541;0
11,7541;89186,0703
11,7541;349056,9063
11,7541;738537,125
11,7541;1023031,875
11,7541;1507429,625
11,7541;1375500,375
11,7541;2267255
11,7541;1821188,125
11,7541;878517,75
11,7541;0
11,7541;0
11,7541;0
11,7541;0
11,7541;0
11,7541;0
11,7541;0
11,7869;0
11,7869;0
11,7869;0
11,7869;0
11,7869;0
11,7869;0
11,7869;0
11,7869;0
11,7869;47792,332
11,7869;174399,5625
11,7869;242085,1406
11,7869;355379,6875
11,7869;369632,4688
11,7869;343962,2813
11,7869;334500,8438
11,7869;214246,7188
11,7869;65471,8555
11,7869;0
11,7869;0
11,7869;0
11,7869;0
11,7869;0
11,7869;0
11,7869;0
11,8197;0
11,8197;0
11,8197;0
11,8197;0
11,8197;0
11,8197;0
11,8197;0
11,8197;0
11,8197;50551,9141
11,8197;260750,2344
11,8197;297853
11,8197;212791,125
11,8197;139449,9063
11,8197;2336684,25
11,8197;2268195
11,8197;1684967,875
11,8197;744784,0625
11,8197;0
11,8197;0
11,8197;0
11,8197;0
11,8197;0
11,8197;0
11,8197;0
11,8525;0
11,8525;0
11,8525;0
11,8525;0
11,8525;0
11,8525;0
11,8525;0
11,8525;0
11,8525;0
11,8525;99496,6016
11,8525;810877,625
11,8525;1740462,75
11,8525;1257080,875
11,8525;1696461
11,8525;1894984,25
11,8525;2316093,5
11,8525;1108912,5
11,8525;0
11,8525;0
11,8525;0
11,8525;0
11,8525;0
11,8525;0
11,8525;0
11,8852;0
11,8852;0
11,8852;0
11,8852;0
11,8852;0
11,8852;0
11,8852;0
11,8852;0
11,8852;0
11,8852;107775,3516
11,8852;184406,8438
11,8852;226831,625
11,8852;253669,3281
11,8852;217946,3906
11,8852;195854,5625
11,8852;108851,8984
11,8852;34616,0859
11,8852;0
11,8852;0
11,8852;0
11,8852;0
11,8852;0
11,8852;0
11,8852;0
11,918;0
11,918;0
11,918;0
11,918;0
11,918;0
11,918;0
11,918;0
11,918;0
11,918;33312,1055
11,918;266769,75
11,918;361490,1875
11,918;803599,5625
11,918;834000,5
11,918;1698447,375
11,918;2641557,5
11,918;2126016
11,918;976877,125
11,918;0
11,918;0
11,918;0
11,918;0
11,918;0
11,918;0
11,918;0
11,9508;0
11,9508;0
11,9508;0
11,9508;0
11,9508;0
11,9508;0
11,9508;0
11,9508;0
11,9508;0
11,9508;104227,3203
11,9508;195536,1406
11,9508;278626,875
11,9508;280749,625
11,9508;262766,8438
11,9508;193443,7188
11,9508;106623
11,9508;30855,7734
11,9508;0
11,9508;0
11,9508;0
11,9508;0
11,9508;0
11,9508;0
11,9508;0
11,9836;0
11,9836;0
11,9836;0
11,9836;0
11,9836;0
11,9836;0
11,9836;0
11,9836;0
11,9836;1020939,438
11,9836;2229651,75
11,9836;2360140,75
11,9836;748635,375
11,9836;675218,375
11,9836;2421336,75
11,9836;2432405,25
11,9836;2418304,25
11,9836;1219553,625
11,9836;0
11,9836;0
11,9836;0
11,9836;0
11,9836;0
11,9836;0
11,9836;0
